Month/Year,License Class,          Trips Per Day          ,          Farebox Per Day          ,           Unique Drivers           ,           Unique Vehicles           ,           Vehicles Per Day           ,         Avg Days Vehicles on Road         ,         Avg Hours Per Day Per Vehicle         ,         Avg Days Drivers on Road         ,         Avg Hours Per Day Per Driver         ,         Avg Minutes Per Trip         ,Percent of Trips Paid with Credit Card,Trips Per Day Shared
2022-07,Yellow," 102,052 "," 1,921,789 "," 9,843 "," 7,156 "," 5,702 ", 24.70 , 8.91 , 20.83 , 7.68 , 15.13 ,78%,0
2022-07,Green," 2,070 "," 37,356 ", 975 , 939 , 467 , 15.42 , 3.42 , 15.02 , 3.39 , 15.69 ,68%,0
2022-07,FHV - High Volume," 563,347 ", NULL ," 73,321 "," 71,036 "," 46,798 ", 20.40 , 6.50 , 20.10 , 6.40 , 19.00 ,-,853
2022-06,FHV - Livery," 21,637 ", NULL ," 4,608 "," 4,467 "," 3,013 ", 20.20 , 5.20 , 20.00 , 5.10 , 20.00 ,-,-
2022-06,FHV - Lux Limo," 1,155 ", NULL ," 1,479 "," 1,382 ", 534 , 11.60 , 2.10 , 11.20 , 2.10 , 70.00 ,-,-
2022-06,FHV - Black Car," 16,972 ", NULL ," 7,208 "," 6,996 "," 3,136 ", 13.50 , 4.10 , 13.30 , 4.00 , 28.00 ,-,-
2022-06,Yellow," 105,385 "," 2,057,705 "," 9,980 "," 7,226 "," 5,490 ", 22.80 , 9.37 , 19.51 , 7.93 , 16.37 ,79%,0
2022-06,Green," 2,451 "," 44,572 "," 1,038 "," 1,002 ", 526 , 15.77 , 3.58 , 15.36 , 3.55 , 16.84 ,69%,0
2022-06,FHV - High Volume," 592,656 ",  NULL  ," 74,020 "," 71,552 "," 49,341 ", 20.70 , 6.60 , 20.30 , 6.50 , 20.00 ,-,133
2022-05,FHV - Livery," 22,572 ",  NULL  ," 4,800 "," 4,619 "," 3,092 ", 20.80 , 5.10 , 20.40 , 5.00 , 20.00 ,-,-
2022-05,FHV - Lux Limo," 1,221 ",  NULL  ," 1,539 "," 1,495 ", 557 , 11.60 , 2.20 , 11.50 , 2.10 , 69.00 ,-,-
2022-05,FHV - Black Car," 16,299 ",  NULL  ," 7,226 "," 7,072 "," 2,969 ", 13.00 , 4.10 , 13.00 , 4.10 , 28.00 ,-,-
2022-05,Green," 2,480 "," 44,850 "," 1,065 "," 1,027 ", 531 , 16.04 , 3.55 , 15.64 , 3.52 , 16.69 ,69%,0
2022-05,Yellow," 115,449 "," 2,234,977 "," 9,976 "," 7,149 "," 5,961 ", 25.85 , 9.32 , 21.62 , 7.99 , 16.37 ,79%,0
2022-05,FHV - High Volume," 585,714 ",   -   ," 73,287 "," 71,059 "," 47,877 ", 20.90 , 6.60 , 20.60 , 6.50 , 20.00 ,-,0
2022-04,FHV - Black Car," 17,243 ",   -   ," 7,209 "," 7,093 "," 3,173 ", 13.40 , 4.10 , 13.40 , 4.10 , 28.00 ,-,-
2022-04,FHV - Livery," 22,819 ",   -   ," 4,919 "," 4,743 "," 3,208 ", 20.30 , 5.20 , 20.00 , 5.10 , 19.00 ,-,-
2022-04,FHV - Lux Limo," 1,413 ",   -   ," 1,572 "," 1,514 ", 623 , 12.30 , 2.20 , 12.30 , 2.20 , 67.00 ,-,-
2022-04,FHV - High Volume," 591,746 ",    -    ," 72,244 "," 70,281 "," 48,410 ", 20.70 , 6.50 , 20.40 , 6.40 , 19.00 ,-,0
2022-04,Yellow," 119,629 "," 2,219,127 "," 9,560 "," 7,053 "," 5,975 ", 25.40 , 9.40 , 21.90 , 8.00 , 15.40 ,79%,0
2022-04,Green," 2,536 "," 43,591 "," 1,057 "," 1,027 ", 545 , 15.90 , 3.50 , 15.70 , 3.50 , 15.90 ,67%,0
2022-03,FHV - Livery," 26,269 ",   -   ," 5,355 "," 5,186 "," 3,495 ", 20.90 , 5.30 , 20.70 , 5.20 , 18.00 ,-,-
2022-03,FHV - Black Car," 17,453 ",   -   ," 7,008 "," 6,909 "," 3,191 ", 14.30 , 4.10 , 14.30 , 4.10 , 27.00 ,-,-
2022-03,FHV - Lux Limo," 1,405 ",   -   ," 1,501 "," 1,445 ", 627 , 13.50 , 2.20 , 13.40 , 2.20 , 65.00 ,-,-
2022-03,FHV - High Volume," 595,270 ",     -      ," 71,667 "," 69,702 "," 48,364 ", 21.50 , 6.70 , 21.20 , 6.60 , 18.00 ,-,0
2022-03,Green," 2,531 "," 42,436 "," 1,133 "," 1,104 ", 553 , 15.50 , 3.50 , 15.40 , 3.40 , 15.40 ,66%,0
2022-03,Yellow," 116,629 "," 2,097,334 "," 9,535 "," 6,984 "," 5,907 ", 26.20 , 9.40 , 22.30 , 8.10 , 14.80 ,80%,0
2022-02,FHV - Black Car," 17,521 ",   -   ," 7,336 "," 7,265 "," 3,208 ", 12.40 , 4.10 , 12.40 , 4.10 , 26.00 ,-,-
2022-02,FHV - Livery," 26,237 ",   -   ," 5,453 "," 5,299 "," 3,548 ", 18.80 , 5.20 , 18.60 , 5.10 , 18.00 ,-,-
2022-02,FHV - Lux Limo," 1,267 ",   -   ," 1,473 "," 1,416 ", 597 , 11.80 , 2.10 , 11.60 , 2.10 , 64.00 ,-,-
2022-02,Green," 2,477 "," 40,475 "," 1,121 "," 1,085 ", 565 , 14.60 , 3.40 , 14.30 , 3.30 , 15.10 ,66%,0
2022-02,FHV - High Volume," 572,114 ",     -     ," 68,998 "," 67,536 "," 46,279 ", 19.20 , 6.60 , 19.00 , 6.50 , 18.00 ,-,0
2022-02,Yellow," 106,036 "," 1,805,865 "," 8,989 "," 6,734 "," 5,591 ", 23.20 , 9.10 , 20.10 , 7.90 , 14.00 ,80%,0
2022-01,FHV - Black Car," 13,440 ",   -   ," 7,171 "," 7,136 "," 2,625 ", 11.40 , 3.90 , 11.50 , 3.90 , 24.00 ,-,-
2022-01,FHV - Livery," 22,633 ",   -   ," 5,581 "," 5,470 "," 3,192 ", 18.10 , 5.00 , 18.00 , 4.90 , 16.00 ,-,-
2022-01,FHV - Lux Limo, 763 ,   -   ," 1,243 "," 1,206 ", 407 , 10.50 , 1.90 , 10.50 , 1.80 , 61.00 ,-,-
2022-01,Yellow," 79,213 "," 1,330,596 "," 8,803 "," 6,653 "," 4,989 ", 23.30 , 8.20 , 20.00 , 7.20 , 12.70 ,79%,0
2022-01,FHV - High Volume," 475,854 ",      -      ," 68,531 "," 66,855 "," 41,326 ", 19.20 , 6.30 , 18.90 , 6.20 , 17.00 ,-,0
2022-01,Green," 2,016 "," 32,510 "," 1,162 "," 1,136 ", 523 , 14.30 , 3.10 , 14.20 , 3.00 , 14.30 ,65%,0
2021-12,FHV - Black Car," 15,518 ",      -      ," 7,495 "," 7,420 "," 2,924 ", 12.20 , 4.00 , 12.20 , 4.00 , 27.00 ,-,-
2021-12,FHV - Livery," 26,708 ",      -      ," 5,359 "," 5,211 "," 3,404 ", 20.30 , 5.10 , 20.00 , 5.10 , 19.00 ,-,-
2021-12,FHV - Lux Limo," 1,081 ",      -      ," 1,493 "," 1,425 ", 503 , 10.90 , 2.10 , 10.70 , 2.10 , 66.00 ,-,-
2021-12,Yellow," 103,585 "," 1,903,870 "," 9,552 "," 6,908 "," 5,657 ", 25.40 , 9.00 , 21.50 , 7.70 , 15.20 ,77%,0
2021-12,FHV - High Volume," 517,884 ",       -       ," 70,302 "," 68,257 "," 44,289 ", 20.10 , 6.40 , 19.80 , 6.30 , 18.00 ,-,0
2021-12,Green," 3,223 "," 70,840 "," 1,299 "," 1,232 ", 705 , 17.80 , 3.60 , 17.10 , 3.60 , 19.50 ,69%,0
2021-11,FHV - Black Car," 11,915 ",       -       ," 5,048 "," 4,917 "," 2,260 ", 13.80 , 4.00 , 13.70 , 4.00 , 27.00 ,-,-
2021-11,FHV - Livery," 24,410 ",       -       ," 5,121 "," 4,962 "," 3,214 ", 19.40 , 5.10 , 19.20 , 5.00 , 18.00 ,-,-
2021-11,FHV - Lux Limo," 1,347 ",       -       ," 1,511 "," 1,432 ", 591 , 12.40 , 2.30 , 12.20 , 2.20 , 67.00 ,-,-
2021-11,Yellow," 115,660 "," 2,103,014 "," 9,516 "," 6,810 "," 5,763 ", 25.40 , 9.50 , 21.30 , 8.20 , 15.40 ,79%,0
2021-11,Green," 3,607 "," 82,076 "," 1,312 "," 1,270 ", 741 , 17.50 , 3.90 , 17.20 , 3.80 , 20.60 ,73%,0
2021-11,FHV - High Volume," 534,718 ",        -        ," 69,410 "," 67,433 "," 44,979 ", 20.00 , 6.50 , 19.70 , 6.40 , 19.00 ,-,0
2021-10,FHV - Livery," 26,531 ",        -        ," 5,637 "," 5,438 "," 3,467 ", 19.80 , 5.00 , 19.50 , 5.00 , 20.00 ,-,-
2021-10,FHV - Lux Limo," 1,126 ",        -        ," 1,378 "," 1,320 ", 522 , 12.30 , 2.10 , 11.80 , 2.10 , 70.00 ,-,-
2021-10,FHV - Black Car," 11,816 ",        -        ," 5,236 "," 5,109 "," 2,241 ", 13.60 , 4.00 , 13.50 , 3.90 , 28.00 ,-,-
2021-10,FHV - High Volume," 533,613 ",         -         ," 68,926 "," 66,933 "," 44,406 ", 20.60 , 6.60 , 20.30 , 6.50 , 19.00 ,-,277
2021-10,Yellow," 111,638 "," 1,993,228 "," 9,154 "," 6,600 "," 5,555 ", 26.10 , 9.50 , 21.70 , 8.20 , 15.10 ,79%,-
2021-10,Green," 3,574 "," 82,093 "," 1,311 "," 1,251 ", 736 , 18.30 , 3.90 , 17.60 , 3.80 , 21.00 ,73%,-
2021-09,FHV - Livery," 24,869 ",         -         ," 5,494 "," 5,343 "," 3,301 ", 18.50 , 5.00 , 18.40 , 4.90 , 20.00 ,-,-
2021-09,FHV - Lux Limo," 1,025 ",         -         ," 1,362 "," 1,291 ", 482 , 11.20 , 2.10 , 10.90 , 2.00 , 72.00 ,-,-
2021-09,FHV - Black Car," 11,332 ",         -         ," 4,848 "," 4,739 "," 2,069 ", 13.10 , 4.10 , 12.90 , 4.10 , 28.00 ,-,-
2021-09,FHV - High Volume," 423,584 ",          -          ," 64,747 "," 63,416 "," 34,903 ", 16.50 , 6.50 , 16.40 , 6.50 , 19.00 ,-,716
2021-09,Green," 3,190 "," 77,261 "," 1,214 "," 1,171 ", 639 , 16.40 , 4.00 , 16.00 , 3.90 , 21.50 ,74%,-
2021-09,Yellow," 98,724 "," 1,826,391 "," 8,502 "," 6,218 "," 5,069 ", 24.50 , 9.00 , 19.90 , 8.10 , 15.20 ,78%,-
2021-08,FHV - Livery," 24,503 ",          -          ," 4,756 "," 4,654 "," 2,941 ", 19.60 , 5.20 , 19.50 , 5.10 , 19.00 ,-,-
2021-08,FHV - Lux Limo, 665 ,          -          , 998 , 955 , 337 , 11.00 , 2.00 , 10.70 , 1.90 , 72.00 ,-,-
2021-08,FHV - Black Car," 9,744 ",          -          ," 3,749 "," 3,704 "," 1,614 ", 13.50 , 4.40 , 13.50 , 4.40 , 26.00 ,-,-
2021-08,Yellow," 89,901 "," 1,611,851 "," 7,471 "," 5,888 "," 4,700 ", 24.70 , 8.80 , 21.10 , 8.20 , 13.90 ,77%,-
2021-08,Green," 2,693 "," 63,670 ", 944 , 926 , 509 , 17.10 , 4.10 , 16.90 , 4.10 , 20.00 ,75%,-
2021-08,FHV - High Volume," 467,608 ",          -          ," 59,813 "," 58,750 "," 35,253 ", 18.60 , 6.70 , 18.50 , 6.70 , 18.00 ,-,723
2021-07,FHV - High Volume," 484,692 ",          -          ," 59,730 "," 58,604 "," 36,032 ", 19.10 , 6.80 , 18.90 , 6.70 , 18.00 ,-,635
2021-07,FHV - Black Car," 10,249 ",          -          ," 4,207 "," 4,182 "," 1,800 ", 13.30 , 4.30 , 13.40 , 4.20 , 26.00 ,-,-
2021-07,FHV - Livery," 24,991 ",          -          ," 4,895 "," 4,804 "," 3,051 ", 19.70 , 5.20 , 19.60 , 5.20 , 19.00 ,-,-
2021-07,FHV - Lux Limo, 700 ,          -          ," 1,159 "," 1,137 ", 362 , 9.90 , 1.90 , 9.80 , 1.90 , 71.00 ,-,-
2021-07,Green," 2,698 "," 63,047 ", 983 , 950 , 508 , 16.60 , 4.10 , 16.20 , 4.10 , 20.10 ,75%,-
2021-07,Yellow," 91,011 "," 1,605,062 "," 7,350 "," 5,782 "," 4,631 ", 24.80 , 8.90 , 21.10 , 8.30 , 13.90 ,77%,-
2021-06,FHV - Black Car," 14,136 ",          -          ," 4,658 "," 4,643 "," 2,281 ", 14.70 , 4.50 , 14.80 , 4.50 , 25.00 ,-,-
2021-06,FHV - High Volume," 498,641 ",          -          ," 58,797 "," 57,856 "," 36,922 ", 19.10 , 6.90 , 19.00 , 6.90 , 19.00 ,-,124
2021-06,FHV - Livery," 29,280 ",          -          ," 5,970 "," 5,852 "," 3,695 ", 18.90 , 5.00 , 18.80 , 5.00 , 19.00 ,-,-
2021-06,FHV - Lux Limo, 928 ,          -          ," 1,184 "," 1,152 ", 437 , 11.40 , 2.10 , 11.30 , 2.10 , 71.00 ,-,-
2021-06,Green," 2,891 "," 65,833 "," 1,002 ", 976 , 531 , 16.30 , 4.20 , 16.10 , 4.20 , 20.50 ,75%,-
2021-06,Yellow," 94,130 "," 1,607,814 "," 7,084 "," 5,636 "," 4,570 ", 24.30 , 9.10 , 20.80 , 8.40 , 14.10 ,78%,-
2021-05,FHV - Black Car," 13,022 ",          -          ," 4,294 "," 4,278 "," 2,070 ", 15.00 , 4.60 , 15.00 , 4.60 , 24.00 ,-,-
2021-05,FHV - High Volume," 474,753 ",          -          ," 56,869 "," 56,102 "," 34,401 ", 19.00 , 6.90 , 18.90 , 6.90 , 18.00 ,-,-
2021-05,FHV - Livery," 27,753 ",          -          ," 5,296 "," 5,202 "," 3,328 ", 19.80 , 5.20 , 19.80 , 5.20 , 18.00 ,-,-
2021-05,FHV - Lux Limo, 727 ,          -          , 956 , 900 , 339 , 11.70 , 2.10 , 11.20 , 2.10 , 66.00 ,-,-
2021-05,Green," 2,843 "," 65,575 ", 979 , 951 , 517 , 16.90 , 4.30 , 16.50 , 4.20 , 20.00 ,78%,-
2021-05,Yellow," 80,499 "," 1,340,447 "," 6,579 "," 5,228 "," 4,105 ", 24.30 , 8.70 , 20.60 , 8.20 , 13.40 ,78%,-
2021-04,FHV - Black Car," 12,658 ",          -          ," 4,229 "," 4,224 "," 2,098 ", 14.90 , 4.50 , 15.00 , 4.50 , 24.00 ,-,-
2021-04,FHV - High Volume," 470,299 ",          -          ," 54,481 "," 53,741 "," 33,356 ", 18.60 , 7.00 , 18.50 , 6.90 , 17.00 ,-,-
2021-04,FHV - Livery," 26,758 ",          -          ," 5,122 "," 5,010 "," 3,222 ", 19.30 , 5.30 , 19.20 , 5.20 , 18.00 ,-,-
2021-04,FHV - Lux Limo, 708 ,          -          , 915 , 872 , 342 , 11.80 , 2.00 , 11.50 , 2.00 , 59.00 ,-,-
2021-04,Green," 2,896 "," 67,873 ", 953 , 927 , 515 , 16.70 , 4.40 , 16.40 , 4.30 , 20.10 ,78%,-
2021-04,Yellow," 71,982 "," 1,182,789 "," 6,103 "," 4,924 "," 3,889 ", 23.70 , 8.60 , 20.20 , 8.10 , 13.00 ,77%,-
2021-03,FHV - Black Car," 13,000 ",          -          ," 4,003 "," 3,995 "," 2,049 ", 15.90 , 4.60 , 16.00 , 4.60 , 23.00 ,-,-
2021-03,FHV - High Volume," 458,777 ",          -          ," 52,117 "," 51,751 "," 31,630 ", 18.90 , 7.10 , 19.00 , 7.00 , 17.00 ,-,-
2021-03,FHV - Livery," 28,654 ",          -          ," 5,295 "," 5,195 "," 3,381 ", 20.20 , 5.40 , 20.10 , 5.30 , 17.00 ,-,-
2021-03,FHV - Lux Limo, 629 ,          -          , 812 , 791 , 302 , 11.90 , 2.00 , 11.80 , 2.00 , 56.00 ,-,-
2021-03,Green," 2,703 "," 62,408 ", 951 , 931 , 482 , 16.10 , 4.40 , 15.90 , 4.40 , 18.90 ,79%,-
2021-03,Yellow," 61,643 "," 979,149 "," 5,764 "," 4,718 "," 3,652 ", 24.00 , 8.30 , 20.60 , 7.90 , 12.30 ,76%,-
2021-02,FHV - Black Car," 10,716 ",          -          ," 3,563 "," 3,561 "," 1,725 ", 13.60 , 4.60 , 13.60 , 4.60 , 23.00 ,-,-
2021-02,FHV - High Volume," 414,755 ",           -           ," 47,206 "," 47,267 "," 28,637 ", 17.00 , 7.10 , 17.10 , 7.10 , 16.00 ,-,-
2021-02,FHV - Livery," 24,316 ",           -           ," 4,872 "," 4,786 "," 2,930 ", 17.10 , 5.30 , 17.10 , 5.20 , 17.00 ,-,-
2021-02,FHV - Lux Limo, 584 ,           -           , 781 , 768 , 274 , 10.00 , 2.10 , 10.00 , 2.10 , 53.00 ,-,-
2021-02,Green," 2,305 "," 52,276 ", 904 , 881 , 446 , 14.20 , 4.10 , 13.90 , 4.10 , 18.80 ,79%,-
2021-02,Yellow," 48,499 "," 755,115 "," 5,277 "," 4,496 "," 3,182 ", 19.80 , 7.90 , 17.60 , 7.60 , 12.40 ,76%,-
2021-01,FHV - Black Car," 10,386 ",           -           ," 3,816 "," 3,806 "," 1,752 ", 14.30 , 4.40 , 14.30 , 4.40 , 22.00 ,-,-
2021-01,FHV - High Volume," 383,932 ",," 47,622 "," 47,592 "," 28,582 ", 18.60 , 6.90 , 18.70 , 6.80 , 15.00 ,-,-
2021-01,FHV - Livery," 23,890 ",           -           ," 5,132 "," 5,030 "," 3,086 ", 19.00 , 5.10 , 18.90 , 5.00 , 15.00 ,-,-
2021-01,FHV - Lux Limo, 528 ,           -           , 793 , 769 , 264 , 10.70 , 2.00 , 10.50 , 1.90 , 50.00 ,-,-
2021-01,Green," 2,467 "," 56,409 ", 991 , 982 , 491 , 15.50 , 4.10 , 15.50 , 4.00 , 17.40 ,79%,-
2021-01,Yellow," 44,052 "," 688,811 "," 5,396 "," 4,625 "," 3,256 ", 21.80 , 7.50 , 19.40 , 7.30 , 11.60 ,75%,-
2020-12,FHV - Black Car," 11,293 ",," 4,217 "," 4,187 "," 1,915 ", 14.20 , 4.50 , 14.10 , 4.50 , 22.00 ,-,-
2020-12,FHV - High Volume," 374,990 ",          -          ," 51,525 "," 51,534 "," 32,488 ", 19.50 , 6.50 , 19.70 , 6.50 , 16.00 ,-,-
2020-12,FHV - Livery," 24,385 ",," 5,474 "," 5,372 "," 3,281 ", 18.90 , 5.00 , 18.80 , 5.00 , 16.00 ,-,-
2020-12,FHV - Lux Limo, 475 ,, 749 , 724 , 237 , 10.20 , 2.00 , 10.00 , 1.90 , 57.00 ,-,-
2020-12,Green," 2,681 "," 60,329 "," 1,095 "," 1,087 ", 560 , 16.00 , 3.90 , 16.00 , 3.90 , 18.10 ,76%,-
2020-12,Yellow," 47,145 "," 744,835 "," 6,092 "," 5,142 "," 3,757 ", 22.70 , 7.40 , 19.80 , 7.10 , 12.40 ,75%,-
2020-11,FHV - Black Car," 11,825 ",          -          ," 4,460 "," 4,458 "," 2,013 ", 13.60 , 4.50 , 13.60 , 4.50 , 24.00 ,-,-
2020-11,FHV - High Volume," 386,122 ",          -          ," 52,996 "," 52,928 "," 34,062 ", 19.30 , 6.40 , 19.50 , 6.40 , 16.00 ,-,-
2020-11,FHV - Livery," 24,674 ",          -          ," 5,319 "," 5,230 "," 3,327 ", 19.10 , 5.00 , 19.10 , 4.90 , 16.00 ,-,-
2020-11,FHV - Lux Limo, 457 ,          -          , 722 , 698 , 230 , 9.90 , 2.00 , 9.80 , 1.90 , 59.00 ,-,-
2020-11,Green," 2,953 "," 66,505 "," 1,137 "," 1,106 ", 610 , 16.60 , 4.00 , 16.40 , 3.90 , 18.20 ,77%,-
2020-11,Yellow," 50,285 "," 786,213 "," 6,314 "," 5,208 "," 3,868 ", 22.30 , 7.50 , 19.20 , 7.20 , 12.40 ,76%,-
2020-10,FHV - Black Car," 10,932 ",           -           ," 4,237 "," 4,215 "," 1,954 ", 14.40 , 4.40 , 14.40 , 4.30 , 24.00 ,-,-
2020-10,FHV - High Volume," 427,396 ",           -           ," 52,379 "," 52,290 "," 33,969 ", 20.10 , 6.80 , 20.30 , 6.70 , 17.00 ,-,-
2020-10,FHV - Livery," 24,640 ",           -           ," 5,398 "," 5,272 "," 3,306 ", 19.40 , 5.10 , 19.30 , 5.00 , 17.00 ,-,-
2020-10,FHV - Lux Limo, 527 ,           -           , 840 , 802 , 264 , 10.20 , 2.00 , 9.90 , 1.90 , 61.00 ,-,-
2020-10,Green," 3,067 "," 68,559 "," 1,137 "," 1,117 ", 605 , 16.80 , 4.10 , 16.70 , 4.10 , 18.40 ,76%,-
2020-10,Yellow," 54,221 "," 880,080 "," 6,144 "," 5,092 "," 3,728 ", 22.70 , 8.00 , 19.70 , 7.60 , 12.60 ,76%,-
2020-09,FHV - Black Car," 12,762 ",          -          ," 4,539 "," 4,543 "," 2,160 ", 14.30 , 4.50 , 14.30 , 4.50 , 25.00 ,-,-
2020-09,FHV - High Volume," 403,515 ",          -          ," 50,614 "," 50,419 "," 31,556 ", 18.80 , 6.90 , 21.20 , 6.90 , 17.50 ,-,-
2020-09,FHV - Livery," 24,339 ",          -          ," 5,102 "," 4,974 "," 3,204 ", 19.30 , 5.10 , 19.10 , 5.00 , 17.00 ,-,-
2020-09,FHV - Lux Limo, 479 ,          -          , 743 , 718 , 234 , 9.80 , 2.00 , 9.70 , 2.00 , 63.00 ,-,-
2020-09,Green," 2,932 "," 66,854 "," 1,123 "," 1,100 ", 575 , 15.70 , 4.10 , 15.50 , 4.10 , 18.60 ,76%,-
2020-09,Yellow," 44,646 "," 707,226 "," 5,706 "," 4,910 "," 3,257 ", 19.90 , 7.60 , 17.80 , 7.30 , 12.50 ,73%,-
2020-08,FHV - Black Car," 9,723 ",          -          ," 3,838 "," 3,856 "," 1,673 ", 13.50 , 4.40 , 13.50 , 4.40 , 24.00 ,-,-
2020-08,FHV - High Volume," 357,610 ",          -          ," 48,984 "," 48,680 "," 28,731 ", 18.30 , 6.70 , 18.40 , 6.60 , 17.00 ,-,-
2020-08,FHV - Livery," 25,507 ",          -          ," 5,405 "," 5,291 "," 3,263 ", 19.10 , 5.20 , 19.00 , 5.10 , 17.00 ,-,-
2020-08,FHV - Lux Limo, 449 ,          -          , 694 , 691 , 207 , 9.30 , 2.10 , 9.40 , 2.10 , 56.00 ,-,-
2020-08,Green," 2,614 "," 62,686 "," 1,142 "," 1,127 ", 544 , 15.00 , 4.00 , 15.00 , 3.90 , 18.70 ,74%,-
2020-08,Yellow," 32,491 "," 548,752 "," 5,371 "," 4,754 "," 2,790 ", 18.20 , 6.90 , 16.70 , 6.60 , 12.60 ,70%,-
2020-07,FHV - Black Car," 8,692 ",           -           ," 3,113 "," 3,128 "," 1,446 ", 14.30 , 4.60 , 14.40 , 4.60 , 25.00 , - ,-
2020-07,FHV - High Volume," 320,999 ",           -           ," 38,310 "," 38,380 "," 21,221 ", 17.10 , 7.20 , 17.30 , 7.20 , 16.00 ,-,-
2020-07,FHV - Livery," 23,110 ",           -           ," 4,473 "," 4,318 "," 2,760 ", 19.80 , 5.50 , 19.40 , 5.40 , 17.00 , - , - 
2020-07,FHV - Lux Limo, 436 ,           -           , 597 , 567 , 186 , 10.20 , 2.30 , 9.80 , 2.30 , 52.00 , - , - 
2020-07,Green," 2,330 "," 54,821 ", 937 , 925 , 430 , 14.40 , 4.30 , 14.40 , 4.20 , 18.10 ,73%,-
2020-07,Yellow," 25,816 "," 438,974 "," 3,988 "," 3,803 "," 1,952 ", 15.90 , 7.10 , 15.70 , 6.80 , 12.50 ,69%,-
2020-06,FHV - Black Car," 9,323 ",           -           ," 3,157 "," 3,165 "," 1,533 ", 14.50 , 4.60 , 14.60 , 4.60 , 22.00 ,-,-
2020-06,FHV - High Volume," 251,696 ",           -           ," 29,832 "," 30,131 "," 17,665 ", 17.60 , 7.10 , 17.90 , 7.00 , 16.00 ,-,-
2020-06,FHV - Livery," 22,723 ",           -           ," 4,250 "," 4,192 "," 2,770 ", 19.80 , 5.30 , 19.80 , 5.30 , 16.00 ,-,-
2020-06,FHV - Lux Limo, 315 ,           -           , 447 , 431 , 141 , 9.90 , 2.20 , 9.70 , 2.10 , 51.00 ,-,-
2020-06,Green," 2,103 "," 46,850 ", 856 , 850 , 408 , 14.40 , 4.10 , 14.50 , 4.00 , 17.50 ,71%,-
2020-06,Yellow," 18,325 "," 314,459 "," 2,969 "," 2,965 "," 1,554 ", 15.70 , 6.70 , 16.20 , 6.50 , 12.40 ,68%,-
2020-05,FHV - Black Car," 6,180 ",          -          ," 2,851 "," 2,861 "," 1,186 ", 12.90 , 4.10 , 12.90 , 4.10 , 20.00 ,-,-
2020-05,FHV - High Volume," 196,447 ",          -          ," 27,675 "," 27,881 "," 16,073 ", 17.90 , 6.40 , 18.10 , 6.40 , 15.00 ,-,-
2020-05,FHV - Livery," 17,042 ",          -          ," 3,874 "," 3,838 "," 2,329 ", 18.80 , 4.90 , 18.90 , 4.90 , 14.00 ,-,-
2020-05,FHV - Lux Limo, 191 ,          -          , 343 , 344 , 96 , 8.70 , 2.00 , 8.70 , 1.90 , 47.00 ,-,-
2020-05,Green," 1,850 "," 38,440 ", 830 , 819 , 405 , 15.30 , 3.70 , 15.30 , 3.70 , 16.50 ,73%,-
2020-05,Yellow," 11,237 "," 206,533 "," 2,603 "," 2,609 "," 1,298 ", 15.40 , 5.70 , 15.90 , 5.60 , 11.90 ,67%,-
2020-04,FHV - Black Car," 5,103 ",           -           ," 2,413 "," 2,425 ", 982 , 12.20 , 4.10 , 12.20 , 4.10 , 19.00 ,-,-
2020-04,FHV - High Volume," 143,762 ",           -           ," 22,390 "," 22,527 "," 11,544 ", 15.40 , 6.10 , 15.60 , 6.10 , 13.00 ,-,-
2020-04,FHV - Livery," 10,719 ",           -           ," 2,816 "," 2,794 "," 1,447 ", 15.50 , 5.10 , 15.60 , 5.00 , 13.00 ,-,-
2020-04,FHV - Lux Limo, 148 ,           -           , 319 , 337 , 75 , 6.70 , 1.90 , 7.10 , 1.90 , 48.00 ,-,-
2020-04,Green," 1,186 "," 22,495 ", 669 , 669 , 278 , 12.50 , 3.40 , 12.60 , 3.40 , 14.50 ,66%,-
2020-04,Yellow," 7,928 "," 119,078 "," 2,208 "," 2,191 ", 982 , 13.50 , 5.30 , 13.80 , 5.10 , 9.90 ,63%,-
2020-03,FHV - Black Car," 13,708 ",           -           ," 8,345 "," 8,342 "," 2,917 ", 10.80 , 3.80 , 10.90 , 3.80 , 24.00 ,-,-
2020-03,FHV - High Volume," 432,027 ",           -           ," 76,604 "," 75,506 "," 35,735 ", 14.70 , 6.10 , 14.60 , 6.00 , 16.00 ,-,"41,051"
2020-03,FHV - Livery," 25,153 ",           -           ," 7,553 "," 7,315 "," 3,689 ", 15.60 , 5.00 , 15.40 , 4.90 , 16.00 ,-,-
2020-03,FHV - Lux Limo," 1,060 ",           -           ," 2,194 "," 2,063 ", 531 , 8.00 , 2.00 , 7.80 , 1.90 , 61.00 ,-,-
2020-03,Green," 7,205 "," 113,973 "," 2,692 "," 2,560 "," 1,248 ", 15.10 , 4.40 , 14.70 , 4.30 , 15.20 ,63%,-
2020-03,Yellow," 96,993 "," 1,620,345 "," 19,062 "," 11,313 "," 6,161 ", 16.90 , 8.80 , 13.20 , 6.70 , 13.00 ,75%,-
2020-02,FHV - Black Car," 20,412 ",           -           ," 8,415 "," 8,403 "," 4,238 ", 14.60 , 3.90 , 14.70 , 3.90 , 27.00 ,-,-
2020-02,FHV - High Volume," 749,129 ",           -           ," 79,282 "," 78,090 "," 55,139 ", 20.50 , 6.60 , 20.50 , 6.50 , 17.00 ,-,"97,117"
2020-02,FHV - Livery," 34,822 ",           -           ," 7,227 "," 6,969 "," 4,864 ", 20.20 , 5.30 , 19.90 , 5.20 , 17.00 ,-,-
2020-02,FHV - Lux Limo," 2,472 ",           -           ," 2,472 "," 2,343 "," 1,071 ", 13.30 , 2.30 , 13.10 , 2.20 , 63.00 ,-,-
2020-02,Green," 13,743 "," 240,822 "," 2,843 "," 2,674 "," 2,006 ", 21.80 , 5.00 , 20.90 , 4.90 , 15.40 ,44%,-
2020-02,Yellow," 217,216 "," 3,556,087 "," 20,123 "," 11,418 "," 10,349 ", 26.30 , 10.80 , 20.90 , 7.70 , 13.50 ,75%,-
2020-01,FHV - Black Car," 22,195 ",           -           ," 8,625 "," 8,634 "," 4,409 ", 15.80 , 4.00 , 15.90 , 4.00 , 25.00 ,-,-
2020-01,FHV - High Volume," 663,433 ",           -           ," 80,725 "," 79,288 "," 53,606 ", 21.00 , 6.20 , 20.90 , 6.10 , 17.00 ,-,"90,550"
2020-01,FHV - Livery," 35,036 ",           -           ," 7,548 "," 7,305 "," 4,905 ", 20.80 , 5.20 , 20.50 , 5.10 , 17.00 ,-,-
2020-01,FHV - Lux Limo," 2,079 ",           -           ," 2,162 "," 2,128 ", 908 , 13.20 , 2.30 , 13.40 , 2.20 , 59.00 ,-,-
2020-01,Green," 13,446 "," 236,992 "," 2,876 "," 2,703 "," 1,997 ", 22.90 , 5.00 , 22.00 , 4.90 , 15.30 ,44%,-
2020-01,Yellow," 206,604 "," 3,403,736 "," 20,131 "," 11,435 "," 10,080 ", 27.30 , 10.50 , 21.70 , 7.50 , 13.10 ,73%,-
2019-12,FHV - Black Car," 18,498 ",          -          ," 8,019 "," 7,994 "," 3,873 ", 15.00 , 3.80 , 15.10 , 3.80 , 29.00 ,-,-
2019-12,FHV - High Volume," 717,497 ",          -          ," 82,527 "," 80,924 "," 55,796 ", 21.40 , 6.50 , 21.00 , 6.40 , 18.00 ,-,"93,421"
2019-12,FHV - Livery," 38,401 ",          -          ," 7,936 "," 7,698 "," 5,316 ", 21.40 , 5.30 , 21.20 , 5.20 , 18.00 ,-,-
2019-12,FHV - Lux Limo," 2,555 ",          -          ," 2,548 "," 2,536 "," 1,069 ", 13.10 , 2.40 , 13.30 , 2.30 , 70.00 ,-,-
2019-12,Green," 11,598 "," 162,078 "," 2,904 "," 2,731 "," 1,834 ", 20.80 , 4.40 , 20.00 , 4.40 , 13.60 ,53%,-
2019-12,Yellow," 220,786 "," 3,806,944 "," 20,829 "," 11,478 "," 10,260 ", 27.70 , 10.70 , 21.70 , 7.50 , 15.00 ,71%,-
2019-11,FHV - Black Car," 16,612 ",           -             ," 7,237 "," 7,219 "," 3,645 ", 15.20 , 3.70 , 15.20 , 3.70 , 28.00 ,-,-
2019-11,FHV - High Volume," 721,170 ",           -             ," 83,017 "," 81,286 "," 57,241 ", 21.10 , 6.50 , 21.00 , 6.40 , 19.00 ,-,"103,379"
2019-11,FHV - Livery," 35,889 ",           -             ," 7,524 "," 7,293 "," 5,086 ", 20.90 , 5.20 , 20.70 , 5.10 , 18.00 ,-,-
2019-11,FHV - Lux Limo," 2,017 ",           -             ," 1,853 "," 1,776 ", 835 , 14.10 , 2.40 , 14.00 , 2.30 , 67.00 ,-,-
2019-11,Green," 12,068 "," 170,328 "," 2,969 "," 2,781 "," 1,904 ", 20.50 , 4.50 , 19.70 , 4.40 , 13.80 ,55%,-
2019-11,Yellow," 227,654 "," 3,872,769 "," 20,934 "," 11,431 "," 10,441 ", 27.40 , 11.00 , 21.70 , 7.60 , 14.80 ,73%,-
2019-10,FHV - Black Car," 16,245 ",           -             ," 7,120 "," 7,071 "," 3,757 ", 16.50 , 3.60 , 16.40 , 3.60 , 29.00 ,-,-
2019-10,FHV - High Volume," 682,635 ",            -              ," 83,865 "," 82,051 "," 57,764 ", 21.80 , 6.40 , 21.70 , 6.30 , 19.00 ,0%,"107,676"
2019-10,FHV - Livery," 38,855 ",           -             ," 8,217 "," 7,920 "," 5,503 ", 21.50 , 5.20 , 21.20 , 5.10 , 18.00 ,-,-
2019-10,FHV - Lux Limo," 3,105 ",           -             ," 2,682 "," 2,530 "," 1,256 ", 15.40 , 2.40 , 15.10 , 2.40 , 69.00 ,-,-
2019-10,Green," 12,470 "," 178,014 "," 3,004 "," 2,818 "," 1,990 ", 21.90 , 4.50 , 21.00 , 4.40 , 14.00 ,56%,-
2019-10,Yellow," 231,171 "," 4,006,128 "," 20,880 "," 11,380 "," 10,476 ", 28.50 , 11.20 , 22.50 , 7.70 , 15.10 ,73%,-
2019-09,FHV - Black Car," 12,373 ",           -             ," 5,499 "," 5,417 "," 2,846 ", 15.80 , 3.50 , 15.60 , 3.50 , 32.00 ,-,-
2019-09,FHV - High Volume," 668,520 ",            -              ," 84,306 "," 82,206 "," 56,795 ", 20.70 , 6.40 , 20.50 , 6.20 , 19.00 ,-,"107,780"
2019-09,FHV - Livery," 19,312 ",           -             ," 4,183 "," 3,979 "," 2,633 ", 19.90 , 5.30 , 19.20 , 5.20 , 21.00 ,-,-
2019-09,FHV - Lux Limo," 2,739 ",           -             ," 2,522 "," 2,402 "," 1,098 ", 13.70 , 2.50 , 13.50 , 2.40 , 75.00 ,-,-
2019-09,Green," 12,985 "," 190,621 "," 3,033 "," 2,856 "," 2,048 ", 21.50 , 4.60 , 20.60 , 4.50 , 14.30 ,55%,-
2019-09,Yellow," 217,747 "," 3,814,692 "," 20,369 "," 11,302 "," 10,066 ", 26.70 , 10.90 , 21.00 , 7.70 , 16.00 ,72%,-
2019-08,FHV - Black Car," 12,787 ",           -             ," 5,874 "," 5,845 "," 2,964 ", 15.70 , 3.40 , 15.70 , 3.40 , 32.00 ,-,-
2019-08,FHV - High Volume," 648,961 ",           -           ," 83,709 "," 82,693 "," 55,289 ", 20.80 , 6.30 , 20.80 , 6.20 , 18.00 ,-,"104,983"
2019-08,FHV - Livery," 38,815 ",           -             ," 8,104 "," 7,824 "," 5,441 ", 21.60 , 5.30 , 21.30 , 5.20 , 18.00 ,-,-
2019-08,FHV - Lux Limo," 2,099 ",           -             ," 2,389 "," 2,311 ", 969 , 13.00 , 2.10 , 12.90 , 2.10 , 73.00 ,-,-
2019-08,Green," 12,866 "," 188,318 "," 3,033 "," 2,841 "," 2,011 ", 22.00 , 4.60 , 20.90 , 4.60 , 13.90 ,54%,-
2019-08,Yellow," 194,798 "," 3,385,162 "," 19,583 "," 11,237 "," 9,741 ", 26.90 , 10.40 , 21.40 , 7.50 , 14.30 ,70%,-
2019-07,FHV - Black Car," 13,993 ",          -          ," 5,995 "," 5,968 "," 2,914 ", 15.10 , 3.70 , 15.10 , 3.70 , 29.00 ,-,-
2019-07,FHV - High Volume," 654,230 ",          -          ," 85,896 "," 84,609 "," 57,048 ", 21.00 , 6.20 , 20.90 , 6.10 , 18.00 ,-,"104,074"
2019-07,FHV - Livery," 41,492 ",          -          ," 8,474 "," 8,150 "," 5,682 ", 21.60 , 5.30 , 21.30 , 5.20 , 18.00 ,-,-
2019-07,FHV - Lux Limo," 2,013 ",          -          ," 2,105 "," 2,013 ", 881 , 13.60 , 2.30 , 13.40 , 2.20 , 73.00 ,-,-
2019-07,Green," 13,969 "," 205,934 "," 3,179 "," 2,985 "," 2,125 ", 22.10 , 4.70 , 21.10 , 4.60 , 14.20 ,55%,-
2019-07,Yellow," 202,443 "," 3,501,565 "," 20,206 "," 11,366 "," 9,894 ", 27.00 , 10.50 , 21.40 , 7.50 , 14.50 ,70%,-
2019-06,FHV - Black Car," 14,233 ",           -             ," 5,876 "," 5,858 "," 2,988 ", 15.30 , 3.70 , 15.30 , 3.70 , 29.00 ,-,-
2019-06,FHV - High Volume," 700,036 ",           -             ," 87,131 "," 85,712 "," 58,847 ", 20.70 , 6.30 , 20.60 , 5.80 , 19.00 ,-,"101,645"
2019-06,FHV - Livery," 43,938 ",           -             ," 8,569 "," 8,224 "," 5,856 ", 21.40 , 5.40 , 21.10 , 5.30 , 18.00 ,-,-
2019-06,FHV - Lux Limo," 2,276 ",           -             ," 2,124 "," 2,140 ", 993 , 13.90 , 2.30 , 14.10 , 2.30 , 71.00 ,-,-
2019-06,Green," 15,690 "," 235,578 "," 3,292 "," 3,080 "," 2,216 ", 21.60 , 5.00 , 20.70 , 4.80 , 15.00 ,55%,-
2019-06,Yellow," 231,335 "," 4,042,788 "," 20,728 "," 11,533 "," 10,274 ", 26.70 , 11.00 , 21.30 , 7.70 , 15.10 ,72%,-
2019-05,FHV - Black Car," 16,186 ",           -             ," 6,211 "," 6,171 "," 3,237 ", 16.30 , 3.90 , 16.20 , 3.80 , 27.00 ,-,-
2019-05,FHV - High Volume," 720,263 ",           -             ," 87,719 "," 86,391 "," 59,902 ", 21.60 , 6.20 , 21.50 , 6.20 , 19.00 ,-,"124,106"
2019-05,FHV - Livery," 44,781 ",           -             ," 8,581 "," 8,228 "," 5,868 ", 22.10 , 5.50 , 21.70 , 5.30 , 17.00 ,-,-
2019-05,FHV - Lux Limo," 2,657 ",           -             ," 2,245 "," 2,256 "," 1,100 ", 15.10 , 2.40 , 15.10 , 2.40 , 70.00 ,-,-
2019-05,Green," 16,248 "," 243,583 "," 3,393 "," 3,170 "," 2,351 ", 23.00 , 4.80 , 22.00 , 4.70 , 15.10 ,56%,-
2019-05,Yellow," 244,017 "," 4,214,808 "," 21,042 "," 11,689 "," 10,494 ", 27.80 , 11.20 , 22.30 , 7.70 , 14.90 ,72%,-
2019-04,FHV - Black Car," 15,660 ",           -             ," 5,824 "," 5,795 "," 3,126 ", 16.20 , 3.90 , 16.20 , 3.80 , 27.00 ,-,-
2019-04,FHV - High Volume," 724,388 ",          -            ," 87,779 "," 86,463 "," 59,121 ", 20.60 , 6.30 , 20.50 , 6.20 , 19.00 ,-,"141,734"
2019-04,FHV - Livery," 44,846 ",           -             ," 8,469 "," 8,175 "," 5,844 ", 21.40 , 5.50 , 21.10 , 5.40 , 17.00 ,-,-
2019-04,FHV - Lux Limo," 2,584 ",           -             ," 2,374 "," 2,391 "," 1,118 ", 14.00 , 2.30 , 14.10 , 2.30 , 67.00 ,-,-
2019-04,Green," 17,080 "," 249,506 "," 3,508 "," 3,249 "," 2,423 ", 22.40 , 4.90 , 21.20 , 4.80 , 14.30 ,57%,-
2019-04,Yellow," 247,742 "," 4,215,927 "," 21,595 "," 11,786 "," 10,674 ", 27.20 , 11.30 , 21.40 , 7.80 , 14.30 ,72%,-
2019-03,FHV - Black Car," 8,778 ",           -             ," 4,513 "," 4,498 "," 1,916 ", 13.20 , 3.50 , 13.30 , 3.50 , 23.00 ,-,-
2019-03,FHV - High Volume," 769,729 ",           -             ," 87,695 "," 86,540 "," 59,893 ", 21.60 , 6.40 , 21.50 , 6.40 , 19.00 ,-,"157,704"
2019-03,FHV - Livery," 32,099 ",           -             ," 8,216 "," 7,918 "," 4,737 ", 18.50 , 4.90 , 18.30 , 4.80 , 17.00 ,-,-
2019-03,FHV - Lux Limo," 1,513 ",           -             ," 1,786 "," 1,799 ", 698 , 12.00 , 2.10 , 12.00 , 2.10 , 62.00 ,-,-
2019-03,Green," 19,318 "," 305,302 "," 3,586 "," 3,296 "," 2,524 ", 23.70 , 5.40 , 22.30 , 5.20 , 15.80 ,60%,-
2019-03,Yellow," 252,634 "," 4,289,036 "," 21,956 "," 11,912 "," 10,814 ", 28.10 , 11.40 , 22.30 , 7.90 , 14.10 ,73%,-
2019-02,FHV - Black Car," 13,692 ",           -             ," 5,129 "," 5,103 "," 2,811 ", 15.40 , 3.80 , 15.40 , 3.80 , 28.00 ,-,-
2019-02,FHV - High Volume," 719,853 ",           -             ," 86,296 "," 85,403 "," 58,980 ", 19.50 , 6.30 , 19.40 , 6.20 , 18.00 ,-,"171,912"
2019-02,FHV - Livery," 44,638 ",           -             ," 8,776 "," 8,440 "," 5,992 ", 19.90 , 5.40 , 19.60 , 5.30 , 17.00 ,-,
2019-02,FHV - Lux Limo," 2,467 ",           -             ," 2,147 "," 2,142 "," 1,034 ", 13.50 , 2.40 , 13.60 , 2.30 , 65.00 ,-,
2019-02,Green," 20,481 "," 325,509 "," 3,626 "," 3,385 "," 2,651 ", 21.90 , 5.40 , 20.90 , 5.30 , 15.70 ,62%,-
2019-02,Yellow," 250,654 "," 4,105,322 "," 21,733 "," 11,895 "," 10,770 ", 25.40 , 11.30 , 20.10 , 7.80 , 13.60 ,74%,-
2019-01,FHV - Black Car," 15,024 ",           -             ," 6,111 "," 6,072 "," 3,156 ", 16.10 , 3.70 , 16.10 , 3.70 , 27.00 ,-,104
2019-01,FHV - High Volume," 683,692 ",           -             ," 86,715 "," 84,698 "," 56,530 ", 20.70 , 6.20 , 20.50 , 6.10 , 18.00 ,-,"157,678"
2019-01,FHV - Livery," 41,974 ",           -             ," 8,717 "," 8,368 "," 5,834 ", 21.60 , 5.30 , 21.10 , 5.20 , 17.00 ,-,30
2019-01,FHV - Lux Limo," 2,573 ",           -             ," 2,675 "," 2,533 "," 1,137 ", 13.90 , 2.20 , 13.70 , 2.20 , 63.00 ,-,-
2019-01,Green," 20,327 "," 309,210 "," 3,705 "," 3,442 "," 2,642 ", 23.80 , 5.40 , 22.60 , 5.30 , 15.00 ,62%, - 
2019-01,Yellow," 247,315 "," 3,413,625 "," 22,085 "," 11,867 "," 10,582 ", 27.60 , 11.10 , 21.50 , 7.70 , 12.80 ,72%, - 
2018-12,FHV - Black Car," 16,120 ",          -          ," 7,321 "," 7,286 "," 3,463 ", 14.70 , 3.60 , 14.80 , 3.60 , 30.00 ,-,128
2018-12,FHV - High Volume," 701,180 ",          -          ," 86,788 "," 85,146 "," 56,844 ", 20.70 , 6.30 , 20.60 , 6.20 , 20.00 ,-,"164,666"
2018-12,FHV - Livery," 48,951 ",          -          ," 9,682 "," 9,247 "," 6,460 ", 21.70 , 5.50 , 21.20 , 5.30 , 18.00 ,-,35
2018-12,FHV - Lux Limo," 3,025 ",          -          ," 3,083 "," 2,991 "," 1,260 ", 13.10 , 2.40 , 13.10 , 2.30 , 70.00 ,-,-
2018-12,Green," 22,083 "," 341,294 "," 3,777 "," 3,468 "," 2,720 ", 24.30 , 5.60 , 22.90 , 5.40 , 15.70 ,59%,-
2018-12,Yellow," 263,609 "," 3,852,809 "," 23,042 "," 11,938 "," 10,803 ", 28.10 , 11.50 , 21.70 , 7.70 , 14.70 ,68%,-
2018-11,FHV - Black Car," 17,791 ",          -          ," 7,362 "," 7,340 "," 3,891 ", 15.90 , 3.60 , 15.90 , 3.60 , 30.00 ,-,"17,734"
2018-11,FHV - High Volume," 691,379 ",          -          ," 85,496 "," 83,271 "," 56,908 ", 20.50 , 6.30 , 20.30 , 6.20 , 20.00 ,-,"160,672"
2018-11,FHV - Livery," 47,205 ",          -          ," 9,584 "," 9,195 "," 6,464 ", 21.10 , 5.40 , 20.70 , 5.20 , 18.00 ,-,36
2018-11,FHV - Lux Limo," 3,622 ",          -          ," 2,960 "," 2,832 "," 1,364 ", 14.50 , 2.50 , 14.20 , 2.40 , 71.00 ,-,-
2018-11,Green," 21,858 "," 344,302 "," 3,767 "," 3,490 "," 2,742 ", 23.60 , 5.50 , 22.30 , 5.40 , 16.40 ,61%,-
2018-11,Yellow," 271,501 "," 4,035,397 "," 23,459 "," 11,948 "," 11,040 ", 27.70 , 11.80 , 21.40 , 7.80 , 15.20 ,70%,-
2018-10,FHV - Black Car," 18,364 ",          -          ," 7,582 "," 7,476 "," 3,933 ", 16.30 , 3.60 , 16.30 , 3.60 , 34.00 ,-,158
2018-10,FHV - High Volume," 680,433 ",          -          ," 84,660 "," 82,247 "," 56,538 ", 21.30 , 6.30 , 21.00 , 6.20 , 21.00 ,-,"176,348"
2018-10,FHV - Livery," 44,990 ",          -          ," 9,558 "," 9,182 "," 6,382 ", 21.50 , 5.30 , 21.20 , 5.20 , 19.00 ,-,34
2018-10,FHV - Lux Limo," 3,467 ",          -          ," 2,835 "," 2,696 "," 1,384 ", 15.90 , 2.50 , 15.60 , 2.40 , 71.00 ,-,-
2018-10,Green," 22,889 "," 360,292 "," 3,827 "," 3,523 "," 2,796 ", 24.60 , 5.70 , 23.20 , 5.60 , 16.30 ,60%,-
2018-10,Yellow," 284,121 "," 4,267,309 "," 23,600 "," 12,009 "," 11,151 ", 28.80 , 12.00 , 22.20 , 7.90 , 15.20 ,71%,-
2018-09,FHV - Black Car," 15,159 ",          -          ," 6,183 "," 6,140 "," 3,232 ", 15.80 , 3.70 , 15.70 , 3.70 , 32.00 ,-,291
2018-09,FHV - High Volume," 658,952 ",          -          ," 82,782 "," 80,536 "," 53,842 ", 20.10 , 6.40 , 19.80 , 6.30 , 20.00 ,-,"148,283"
2018-09,FHV - Livery," 42,058 ",          -          ," 8,697 "," 8,414 "," 5,823 ", 20.80 , 5.30 , 20.40 , 5.20 , 18.00 ,-,35
2018-09,FHV - Lux Limo," 2,556 ",          -          ," 2,425 "," 2,271 "," 1,062 ", 14.00 , 2.40 , 13.60 , 2.30 , 69.00 ,-,-
2018-09,Green," 22,193 "," 345,939 "," 3,806 "," 3,503 "," 2,721 ", 23.30 , 5.60 , 21.90 , 5.50 , 15.80 ,58%,-
2018-09,Yellow," 267,983 "," 3,995,849 "," 23,055 "," 12,007 "," 10,741 ", 26.80 , 11.70 , 20.60 , 7.90 , 15.00 ,70%,-
2018-08,FHV - Black Car," 14,455 ",          -          ," 6,634 "," 6,609 "," 3,448 ", 16.20 , 3.40 , 16.20 , 3.40 , 32.00 ,-,16
2018-08,FHV - High Volume," 642,341 ",          -          ," 80,363 "," 78,545 "," 51,804 ", 20.40 , 6.40 , 20.30 , 6.30 , 20.00 ,-,"168,299"
2018-08,FHV - Livery," 46,411 ",          -          ," 9,603 "," 9,321 "," 6,418 ", 21.30 , 5.30 , 21.00 , 5.20 , 18.00 ,-,15
2018-08,FHV - Lux Limo," 2,211 ",          -          ," 2,516 "," 2,395 "," 1,027 ", 13.30 , 2.10 , 13.00 , 2.10 , 68.00 ,-,-
2018-08,Green," 21,468 "," 326,276 "," 3,788 "," 3,507 "," 2,646 ", 23.40 , 5.60 , 22.10 , 5.50 , 15.00 ,60%,-
2018-08,Yellow," 253,182 "," 3,742,832 "," 22,319 "," 11,961 "," 10,655 ", 27.60 , 11.30 , 21.40 , 7.80 , 14.10 ,70%,-
2018-07,FHV - Black Car," 13,614 ",          -          ," 6,242 "," 6,188 "," 3,086 ", 15.50 , 3.40 , 15.40 , 3.40 , 32.00 ,-,13
2018-07,FHV - High Volume," 630,977 ",          -          ," 79,945 "," 78,100 "," 51,565 ", 20.50 , 6.30 , 20.30 , 6.20 , 20.00 ,-,"163,171"
2018-07,FHV - Livery," 44,963 ",          -          ," 9,649 "," 9,396 "," 6,378 ", 21.00 , 5.30 , 20.80 , 5.20 , 18.00 ,-,18
2018-07,FHV - Lux Limo," 2,377 ",          -          ," 2,663 "," 2,488 "," 1,072 ", 13.40 , 2.20 , 12.80 , 2.10 , 69.00 ,-,-
2018-07,Green," 22,048 "," 331,003 "," 3,909 "," 3,588 "," 2,754 ", 23.80 , 5.50 , 22.40 , 5.40 , 14.80 ,56%,-
2018-07,Yellow," 253,186 "," 3,735,128 "," 23,142 "," 12,092 "," 10,788 ", 27.70 , 11.30 , 21.30 , 7.70 , 14.10 ,68%,-
2018-06,FHV - Black Car," 17,207 ",          -          ," 7,155 "," 7,119 "," 3,809 ", 16.10 , 3.50 , 16.00 , 3.50 , 34.00 ,-,-
2018-06,FHV - High Volume," 626,423 ",          -          ," 78,862 "," 77,460 "," 51,728 ", 20.00 , 6.30 , 19.90 , 6.20 , 20.00 ,-,"143,298"
2018-06,FHV - Livery," 55,453 ",          -          ," 10,655 "," 10,332 "," 7,357 ", 21.40 , 5.50 , 21.10 , 5.30 , 18.00 ,-,18
2018-06,FHV - Lux Limo," 3,433 ",          -          ," 3,135 "," 3,062 "," 1,431 ", 14.00 , 2.40 , 14.20 , 2.30 , 73.00 ,-,-
2018-06,Green," 24,610 "," 374,454 "," 3,976 "," 3,653 "," 2,858 ", 23.50 , 5.80 , 22.10 , 5.60 , 15.50 ,56%,-
2018-06,Yellow," 290,362 "," 4,283,693 "," 23,737 "," 12,222 "," 11,223 ", 27.50 , 11.90 , 21.40 , 7.90 , 14.70 ,70%,-
2018-05,FHV - Black Car," 16,826 ",          -          ," 7,268 "," 7,224 "," 3,906 ", 16.80 , 3.50 , 16.70 , 3.50 , 35.00 ,-,-
2018-05,FHV - High Volume," 620,950 ",          -          ," 77,775 "," 76,382 "," 51,355 ", 20.80 , 6.30 , 20.70 , 6.20 , 20.00 ,-,"148,036"
2018-05,FHV - Livery," 55,083 ",          -          ," 10,697 "," 10,368 "," 7,298 ", 21.80 , 5.40 , 21.60 , 5.30 , 19.00 ,-,15
2018-05,FHV - Lux Limo," 3,531 ",          -          ," 3,180 "," 3,141 "," 1,463 ", 14.40 , 2.40 , 14.70 , 2.30 , 72.00 ,-,-
2018-05,Green," 25,693 "," 386,965 "," 4,057 "," 3,707 "," 2,949 ", 24.70 , 5.80 , 23.10 , 5.70 , 15.50 ,57%,-
2018-05,Yellow," 297,508 "," 4,431,220 "," 24,330 "," 12,317 "," 11,396 ", 28.70 , 12.10 , 22.30 , 7.90 , 14.90 ,69%,-
2018-04,FHV - Black Car," 16,088 ",          -          ," 7,221 "," 7,176 "," 3,832 ", 16.00 , 3.50 , 16.00 , 3.40 , 34.00 ,-,-
2018-04,FHV - High Volume," 616,450 ",          -          ," 75,879 "," 74,273 "," 49,959 ", 20.20 , 6.30 , 20.00 , 6.20 , 20.00 ,-,"160,806"
2018-04,FHV - Livery," 57,501 ",          -          ," 11,472 "," 11,106 "," 7,768 ", 21.00 , 5.40 , 20.80 , 5.30 , 19.00 ,-,14
2018-04,FHV - Lux Limo," 3,362 ",          -          ," 3,289 "," 3,214 "," 1,446 ", 13.50 , 2.30 , 13.60 , 2.20 , 63.00 ,-,-
2018-04,Green," 26,642 "," 384,918 "," 4,081 "," 3,746 "," 2,976 ", 23.80 , 5.90 , 22.40 , 5.80 , 14.50 ,56%,-
2018-04,Yellow," 310,169 "," 4,486,177 "," 24,807 "," 12,372 "," 11,534 ", 28.00 , 12.40 , 21.50 , 8.10 , 14.20 ,70%,-
2018-03,FHV - Black Car," 16,422 ",          -          ," 7,535 "," 7,471 "," 3,988 ", 16.50 , 3.40 , 16.50 , 3.40 , 35.00 ,-,-
2018-03,FHV - High Volume," 624,601 ",          -          ," 74,288 "," 72,691 "," 49,102 ", 20.90 , 6.40 , 20.70 , 6.30 , 19.00 ,-,"157,162"
2018-03,FHV - Livery," 58,458 ",          -          ," 11,687 "," 11,313 "," 7,795 ", 21.40 , 5.40 , 21.10 , 5.30 , 19.00 ,-,12
2018-03,FHV - Lux Limo," 3,127 ",          -          ," 3,174 "," 3,077 "," 1,346 ", 13.60 , 2.30 , 13.60 , 2.20 , 64.00 ,-,-
2018-03,Green," 26,967 "," 374,253 "," 4,145 "," 3,773 "," 2,961 ", 24.30 , 5.90 , 22.70 , 5.80 , 13.90 ,55%,-
2018-03,Yellow," 304,169 "," 4,293,867 "," 24,991 "," 12,389 "," 11,480 ", 28.70 , 12.20 , 21.90 , 7.90 , 13.70 ,70%,-
2018-02,FHV - Black Car," 17,415 ",          -          ," 7,550 "," 7,529 "," 4,063 ", 15.10 , 3.50 , 15.10 , 3.50 , 33.00 ,-,-
2018-02,FHV - High Volume," 603,801 ",          -          ," 72,893 "," 71,731 "," 48,772 ", 19.00 , 6.30 , 18.90 , 6.30 , 19.00 ,-,"140,622"
2018-02,FHV - Livery," 58,545 ",          -          ," 12,653 "," 12,055 "," 8,242 ", 19.10 , 5.30 , 18.60 , 5.20 , 18.00 ,-,19
2018-02,FHV - Lux Limo," 3,240 ",          -          ," 3,273 "," 3,189 "," 1,399 ", 12.30 , 2.30 , 12.40 , 2.20 , 62.00 ,-,-
2018-02,Green," 27,461 "," 360,001 "," 4,260 "," 3,920 "," 3,058 ", 21.80 , 5.90 , 20.60 , 5.70 , 12.90 ,55%,-
2018-02,Yellow," 303,280 "," 4,138,935 "," 24,641 "," 12,490 "," 11,535 ", 25.90 , 12.10 , 19.90 , 8.00 , 13.10 ,71%,-
2018-01,FHV - Black Car," 15,445 ",          -          ," 7,464 "," 7,410 "," 3,778 ", 15.80 , 3.40 , 15.70 , 3.40 , 35.00 ,-,-
2018-01,FHV - High Volume," 555,031 ",          -          ," 72,719 "," 71,484 "," 46,403 ", 20.10 , 6.20 , 19.90 , 6.10 , 18.00 ,-,"126,738"
2018-01,FHV - Livery," 62,222 ",          -          ," 13,961 "," 12,751 "," 8,389 ", 20.40 , 5.40 , 19.00 , 5.30 , 17.00 ,-,15
2018-01,FHV - Lux Limo," 3,142 ",          -          ," 3,385 "," 3,299 "," 1,378 ", 13.00 , 2.20 , 13.10 , 2.20 , 63.00 ,-,-
2018-01,Green," 25,564 "," 331,105 "," 4,377 "," 4,021 "," 2,983 ", 23.00 , 5.70 , 21.60 , 5.50 , 12.80 ,53%,-
2018-01,Yellow," 282,565 "," 3,863,024 "," 24,923 "," 12,599 "," 11,304 ", 27.80 , 11.60 , 21.10 , 7.70 , 13.10 ,70%,-
2017-12,FHV - Black Car," 15,541 ",          -          ," 7,789 "," 7,703 "," 3,720 ", 15.00 , 3.40 , 14.90 , 3.40 , 35.00 ,-,-
2017-12,FHV - High Volume," 553,632 ",          -          ," 71,671 "," 70,194 "," 46,799 ", 20.70 , 6.30 , 20.50 , 6.20 , 20.00 ,-,"118,649"
2017-12,FHV - Livery," 64,462 ",          -          ," 13,592 "," 12,966 "," 8,994 ", 21.50 , 5.30 , 21.00 , 5.20 , 18.00 ,-,12
2017-12,FHV - Lux Limo," 3,139 ",          -          ," 3,479 "," 3,331 "," 1,343 ", 12.50 , 2.30 , 12.40 , 2.20 , 69.00 ,-,-
2017-12,Green," 29,223 "," 383,355 "," 4,497 "," 4,117 "," 3,200 ", 24.10 , 5.90 , 22.60 , 5.80 , 13.00 ,51%,-
2017-12,Yellow," 306,706 "," 4,407,843 "," 26,038 "," 12,685 "," 11,743 ", 28.70 , 12.20 , 21.80 , 7.80 , 14.50 ,66%,-
2017-11,FHV - Black Car," 15,718 ",          -          ," 7,376 "," 7,331 "," 3,859 ", 15.80 , 3.40 , 15.80 , 3.40 , 37.00 ,-,-
2017-11,FHV - High Volume," 517,191 ",          -          ," 69,948 "," 68,521 "," 46,232 ", 20.20 , 6.20 , 20.00 , 6.10 , 20.00 ,-,"107,750"
2017-11,FHV - Livery," 59,254 ",          -          ," 13,304 "," 12,807 "," 8,986 ", 21.10 , 5.10 , 20.80 , 4.90 , 18.00 ,-,16
2017-11,FHV - Lux Limo," 3,246 ",          -          ," 3,088 "," 2,978 "," 1,341 ", 13.50 , 2.40 , 13.50 , 2.30 , 68.00 ,-,-
2017-11,Green," 29,136 "," 386,722 "," 4,601 "," 4,199 "," 3,320 ", 23.70 , 5.80 , 22.20 , 5.70 , 13.20 ,53%,-
2017-11,Yellow," 309,471 "," 4,517,934 "," 26,347 "," 12,692 "," 11,921 ", 28.20 , 12.40 , 21.50 , 7.80 , 14.80 ,68%,-
2017-10,FHV - Black Car," 16,405 ",          -          ," 8,008 "," 7,882 "," 4,221 ", 16.60 , 3.30 , 16.50 , 3.30 , 38.00 ,-,-
2017-10,FHV - High Volume," 492,028 ",          -          ," 69,303 "," 67,653 "," 45,234 ", 20.70 , 6.10 , 20.40 , 6.10 , 20.00 ,-,"92,641"
2017-10,FHV - Livery," 59,234 ",          -          ," 13,833 "," 13,335 "," 9,231 ", 21.50 , 5.00 , 21.20 , 4.90 , 18.00 ,-,-
2017-10,FHV - Lux Limo," 3,171 ",          -          ," 3,053 "," 2,936 "," 1,341 ", 14.20 , 2.30 , 14.20 , 2.30 , 68.00 ,-,-
2017-10,Green," 29,858 "," 401,160 "," 4,723 "," 4,287 "," 3,390 ", 24.50 , 5.90 , 22.80 , 5.70 , 13.40 ,53%,-
2017-10,Yellow," 315,084 "," 4,681,421 "," 26,536 "," 12,703 "," 11,931 ", 29.10 , 12.50 , 22.10 , 7.90 , 14.80 ,68%,-
2017-09,FHV - Black Car," 15,975 ",          -          ," 7,777 "," 7,693 "," 3,906 ", 15.20 , 3.40 , 15.20 , 3.40 , 36.00 ,-,-
2017-09,FHV - High Volume," 468,318 ",          -          ," 67,408 "," 65,690 "," 43,120 ", 19.70 , 6.20 , 19.40 , 6.10 , 20.00 ,-,"84,200"
2017-09,FHV - Livery," 59,436 ",          -          ," 14,306 "," 13,795 "," 9,339 ", 20.30 , 4.90 , 20.00 , 4.80 , 18.00 ,-,12
2017-09,FHV - Lux Limo," 3,396 ",          -          ," 3,483 "," 3,375 "," 1,439 ", 12.80 , 2.30 , 12.80 , 2.30 , 68.00 ,-,-
2017-09,Green," 29,409 "," 402,289 "," 4,693 "," 4,320 "," 3,337 ", 23.20 , 5.80 , 21.90 , 5.70 , 13.30 ,51%,-
2017-09,Yellow," 298,163 "," 4,422,289 "," 25,604 "," 12,656 "," 11,499 ", 27.30 , 12.10 , 20.60 , 7.90 , 14.80 ,67%,-
2017-08,FHV - Black Car," 13,985 ",          -          ," 7,463 "," 7,406 "," 3,686 ", 15.40 , 3.20 , 15.40 , 3.20 , 35.00 ,-,-
2017-08,FHV - High Volume," 429,691 ",          -          ," 65,522 "," 64,054 "," 41,372 ", 20.00 , 6.00 , 19.80 , 6.00 , 20.00 ,-,"76,026"
2017-08,FHV - Livery," 59,142 ",          -          ," 14,398 "," 13,907 "," 9,263 ", 20.70 , 4.90 , 20.40 , 4.80 , 18.00 ,-,6
2017-08,FHV - Lux Limo," 2,774 ",          -          ," 3,400 "," 3,278 "," 1,313 ", 12.40 , 2.10 , 12.40 , 2.00 , 67.00 ,-,-
2017-08,Green," 27,976 "," 373,385 "," 4,769 "," 4,384 "," 3,347 ", 23.70 , 5.60 , 22.30 , 5.50 , 12.60 ,50%,-
2017-08,Yellow," 271,676 "," 3,985,437 "," 25,164 "," 12,690 "," 11,550 ", 28.20 , 11.70 , 21.60 , 7.70 , 14.00 ,66%,-
2017-07,FHV - Black Car," 13,084 ",          -          ," 7,559 "," 7,486 "," 3,515 ", 14.60 , 3.20 , 14.50 , 3.10 , 36.00 ,-,-
2017-07,FHV - High Volume," 421,285 ",          -          ," 65,178 "," 63,604 "," 40,679 ", 19.80 , 6.00 , 19.60 , 5.90 , 20.00 ,-,"68,756"
2017-07,FHV - Livery," 59,805 ",          -          ," 14,658 "," 14,069 "," 9,283 ", 20.50 , 4.90 , 20.10 , 4.80 , 18.00 ,-,13
2017-07,FHV - Lux Limo," 2,720 ",          -          ," 3,284 "," 3,237 "," 1,270 ", 12.20 , 2.10 , 12.40 , 2.10 , 69.00 ,-,-
2017-07,Green," 29,503 "," 391,767 "," 4,969 "," 4,579 "," 3,463 ", 23.40 , 5.70 , 22.20 , 5.50 , 12.60 ,50%,-
2017-07,Yellow," 277,042 "," 4,037,177 "," 26,108 "," 12,792 "," 11,583 ", 28.10 , 11.80 , 21.10 , 7.70 , 14.10 ,66%,-
2017-06,FHV - Black Car," 14,274 ",          -          ," 7,450 "," 7,394 "," 3,840 ", 15.60 , 3.20 , 15.50 , 3.20 , 39.00 ,-,-
2017-06,FHV - High Volume," 420,017 ",          -          ," 63,721 "," 62,331 "," 40,408 ", 19.50 , 5.90 , 19.20 , 5.80 , 21.00 ,-,"63,620"
2017-06,FHV - Livery," 64,389 ",          -          ," 15,171 "," 14,250 "," 9,525 ", 20.10 , 5.10 , 19.40 , 5.00 , 19.00 ,-,12
2017-06,FHV - Lux Limo," 3,327 ",          -          ," 3,254 "," 3,225 "," 1,423 ", 13.30 , 2.30 , 13.60 , 2.20 , 71.00 ,-,-
2017-06,Green," 32,544 "," 432,850 "," 5,072 "," 4,686 "," 3,629 ", 23.20 , 5.70 , 22.00 , 5.60 , 13.20 ,50%,-
2017-06,Yellow," 321,877 "," 4,751,867 "," 26,664 "," 12,894 "," 12,038 ", 28.00 , 12.40 , 21.50 , 7.80 , 14.80 ,67%,-
2017-05,FHV - Black Car," 15,505 ",          -          ," 7,974 "," 7,435 "," 4,054 ", 16.90 , 3.30 , 15.90 , 3.20 ,         -         ,-,-
2017-05,FHV - High Volume," 399,546 ",          -          ," 61,532 "," 59,795 "," 38,015 ", 19.70 , 5.90 , 19.40 , 5.90 ,         -         ,-,-
2017-05,FHV - Livery," 77,985 ",          -          ," 14,892 "," 14,323 "," 10,396 ", 22.50 , 5.40 , 22.20 , 5.30 ,         -         ,-,-
2017-05,FHV - Lux Limo," 3,653 ",          -          ," 3,062 "," 3,053 "," 1,526 ", 15.50 , 2.30 , 15.70 , 2.30 ,         -         ,-,-
2017-05,Green," 34,174 "," 449,352 "," 5,302 "," 4,823 "," 3,740 ", 24.00 , 5.80 , 22.40 , 5.70 , 13.10 ,50%,-
2017-05,Yellow," 325,857 "," 4,848,494 "," 27,655 "," 12,977 "," 12,159 ", 29.00 , 12.60 , 21.90 , 7.80 , 15.00 ,67%,-
2017-04,FHV - Black Car," 13,676 ",          -          ," 7,201 "," 6,725 "," 3,536 ", 15.80 , 3.30 , 14.80 , 3.20 ,         -         ,-,-
2017-04,FHV - High Volume," 393,918 ",          -          ," 58,963 "," 57,181 "," 36,750 ", 19.30 , 6.00 , 18.90 , 6.00 ,         -         ,-,-
2017-04,FHV - Livery," 81,326 ",          -          ," 15,386 "," 14,469 "," 10,373 ", 21.50 , 5.60 , 20.90 , 5.40 ,         -         ,-,-
2017-04,FHV - Lux Limo," 3,240 ",          -          ," 3,067 "," 3,034 "," 1,366 ", 13.50 , 2.30 , 13.50 , 2.20 ,         -         ,-,-
2017-04,Green," 36,024 "," 465,532 "," 5,337 "," 4,844 "," 3,803 ", 23.60 , 6.00 , 22.00 , 5.80 , 12.50 ,50%,-
2017-04,Yellow," 334,865 "," 4,865,420 "," 27,802 "," 12,981 "," 12,229 ", 28.30 , 12.80 , 21.40 , 7.90 , 14.30 ,67%,-
2017-03,FHV - Black Car," 14,500 ",          -          ," 7,334 "," 6,815 "," 3,742 ", 17.00 , 3.30 , 16.00 , 3.20 ,         -         ,-,-
2017-03,FHV - High Volume," 402,938 ",          -          ," 56,768 "," 54,836 "," 35,619 ", 20.10 , 6.20 , 19.70 , 6.10 ,         -         ,-,-
2017-03,FHV - Livery," 85,721 ",          -          ," 15,711 "," 14,884 "," 10,446 ", 21.80 , 5.70 , 21.30 , 5.50 ,         -         ,-,-
2017-03,FHV - Lux Limo," 3,391 ",          -          ," 2,865 "," 2,923 "," 1,371 ", 14.60 , 2.40 , 15.00 , 2.30 ,         -         ,-,-
2017-03,Green," 37,341 "," 473,888 "," 5,357 "," 4,923 "," 3,789 ", 23.90 , 6.10 , 22.50 , 5.90 , 12.40 ,49%,-
2017-03,Yellow," 332,075 "," 4,770,322 "," 27,900 "," 12,990 "," 12,146 ", 29.00 , 12.80 , 21.80 , 7.90 , 14.00 ,68%,-
2017-02,FHV - Black Car," 13,280 ",          -          ," 6,931 "," 6,769 "," 3,599 ", 14.90 , 3.20 , 14.70 , 3.10 ,         -         ,-,-
2017-02,FHV - High Volume," 375,693 ",          -          ," 55,552 "," 53,577 "," 34,850 ", 18.20 , 6.10 , 17.80 , 6.00 ,         -         ,-,-
2017-02,FHV - Livery," 81,985 ",          -          ," 15,605 "," 14,975 "," 10,746 ", 20.10 , 5.50 , 19.80 , 5.40 ,         -         ,-,-
2017-02,FHV - Lux Limo," 3,502 ",          -          ," 3,041 "," 3,083 "," 1,467 ", 13.30 , 2.30 , 13.70 , 2.20 ,         -         ,-,-
2017-02,Green," 36,509 "," 461,734 "," 5,533 "," 5,089 "," 3,895 ", 21.40 , 5.90 , 20.20 , 5.80 , 12.10 ,50%,-
2017-02,Yellow," 327,451 "," 4,531,822 "," 27,523 "," 12,967 "," 12,112 ", 26.20 , 12.60 , 19.60 , 7.90 , 13.30 ,68%,-
2017-01,FHV - Black Car," 12,660 ",          -          ," 6,481 "," 6,431 "," 3,297 ", 15.90 , 3.30 , 15.80 , 3.30 ,         -         ,-,-
2017-01,FHV - High Volume," 344,972 ",          -          ," 54,665 "," 52,538 "," 32,782 ", 19.30 , 6.00 , 18.90 , 5.90 ,         -         ,-,-
2017-01,FHV - Livery," 79,624 ",          -          ," 15,299 "," 14,680 "," 10,335 ", 21.80 , 5.60 , 21.30 , 5.40 ,         -         ,-,-
2017-01,FHV - Lux Limo," 3,302 ",          -          ," 3,139 "," 3,178 "," 1,404 ", 13.70 , 2.30 , 14.00 , 2.20 ,         -         ,-,-
2017-01,Green," 34,497 "," 431,323 "," 5,751 "," 5,277 "," 3,918 ", 23.00 , 5.70 , 21.70 , 5.50 , 11.80 ,49%,-
2017-01,Yellow," 313,229 "," 4,314,880 "," 27,782 "," 13,058 "," 11,990 ", 28.50 , 12.20 , 21.00 , 7.80 , 13.00 ,67%,-
2016-12,FHV - Black Car," 12,185 ",          -          ," 6,304 "," 6,140 "," 3,102 ", 15.70 , 3.30 , 15.20 , 3.30 ,         -         ,-,-
2016-12,FHV - High Volume," 347,858 ",          -          ," 53,130 "," 50,955 "," 32,336 ", 19.70 , 6.10 , 19.10 , 6.00 ,         -         ,-,-
2016-12,FHV - Livery," 84,307 ",          -          ," 15,164 "," 14,427 "," 10,525 ", 22.60 , 5.60 , 22.10 , 5.50 ,         -         ,-,-
2016-12,FHV - Lux Limo," 2,705 ",          -          ," 2,370 "," 2,545 "," 1,094 ", 13.30 , 2.40 , 14.10 , 2.30 ,         -         ,-,-
2016-12,Green," 39,488 "," 508,205 "," 5,935 "," 5,399 "," 4,166 ", 23.90 , 6.00 , 22.40 , 5.80 , 12.40 ,48%,-
2016-12,Yellow," 337,071 "," 4,869,413 "," 28,743 "," 13,197 "," 12,329 ", 29.00 , 12.80 , 21.70 , 7.80 , 14.60 ,64%,-
2016-11,FHV - Black Car," 12,670 ",          -          ," 6,407 "," 6,114 "," 3,345 ", 16.40 , 3.30 , 15.70 , 3.30 ,         -         ,-,-
2016-11,FHV - High Volume," 318,664 ",          -          ," 50,932 "," 49,110 "," 30,921 ", 18.90 , 5.90 , 18.40 , 5.80 ,         -         ,-,-
2016-11,FHV - Livery," 80,717 ",          -          ," 15,223 "," 14,489 "," 10,571 ", 21.90 , 5.50 , 21.50 , 5.30 ,         -         ,-,-
2016-11,FHV - Lux Limo," 2,514 ",          -          ," 2,075 "," 2,198 "," 1,017 ", 13.90 , 2.40 , 14.40 , 2.40 ,         -         ,-,-
2016-11,Green," 38,272 "," 501,128 "," 6,065 "," 5,513 "," 4,258 ", 23.20 , 5.80 , 21.60 , 5.70 , 12.80 ,49%,-
2016-11,Yellow," 336,737 "," 4,980,423 "," 29,080 "," 13,159 "," 12,437 ", 28.40 , 12.90 , 21.30 , 7.80 , 15.90 ,66%,-
2016-10,FHV - Black Car," 12,933 ",          -          ," 6,616 "," 6,381 "," 3,375 ", 16.40 , 3.30 , 15.80 , 3.30 ,         -         ,-,-
2016-10,FHV - High Volume," 310,749 ",          -          ," 49,545 "," 47,758 "," 30,097 ", 19.50 , 6.00 , 19.00 , 5.90 ,         -         ,-,-
2016-10,FHV - Livery," 81,340 ",          -          ," 15,530 "," 14,880 "," 10,729 ", 22.40 , 5.50 , 22.00 , 5.30 ,         -         ,-,-
2016-10,FHV - Lux Limo," 3,297 ",          -          ," 2,632 "," 2,696 "," 1,307 ", 15.10 , 2.40 , 15.50 , 2.40 ,         -         ,-,-
2016-10,Green," 40,405 "," 540,913 "," 6,215 "," 5,604 "," 4,331 ", 24.00 , 5.90 , 22.10 , 5.80 , 13.00 ,50%,-
2016-10,Yellow," 350,380 "," 5,196,275 "," 29,383 "," 13,198 "," 12,433 ", 29.20 , 13.10 , 21.80 , 7.90 , 16.00 ,66%,-
2016-09,FHV - Black Car," 14,150 ",          -          ," 6,611 "," 6,261 "," 3,456 ", 16.60 , 3.50 , 15.80 , 3.50 ,         -         ,-,-
2016-09,FHV - High Volume," 292,548 ",          -          ," 48,448 "," 46,308 "," 28,684 ", 18.60 , 6.00 , 18.00 , 5.80 ,         -         ,-,-
2016-09,FHV - Livery," 82,088 ",          -          ," 15,503 "," 14,680 "," 10,715 ", 21.90 , 5.50 , 21.40 , 5.30 ,         -         ,-,-
2016-09,FHV - Lux Limo," 3,200 ",          -          ," 2,504 "," 2,579 "," 1,254 ", 14.60 , 2.40 , 15.00 , 2.40 ,         -         ,-,-
2016-09,Green," 38,741 "," 529,544 "," 6,341 "," 5,690 "," 4,272 ", 22.50 , 5.80 , 20.70 , 5.70 , 13.40 ,49%,-
2016-09,Yellow," 337,321 "," 5,167,170 "," 28,526 "," 13,166 "," 12,137 ", 27.70 , 12.80 , 20.60 , 7.90 , 16.00 ,66%,-
2016-08,FHV - Black Car," 12,344 ",          -          ," 6,410 "," 6,289 "," 3,383 ", 16.70 , 3.10 , 16.50 , 3.10 ,         -         ,-,-
2016-08,FHV - High Volume," 263,457 ",          -          ," 45,496 "," 43,375 "," 25,589 ", 18.30 , 5.90 , 17.70 , 5.80 ,         -         ,-,-
2016-08,FHV - Livery," 83,283 ",          -          ," 16,226 "," 15,422 "," 10,916 ", 21.90 , 5.50 , 21.40 , 5.30 ,         -         ,-,-
2016-08,FHV - Lux Limo," 3,008 ",          -          ," 3,010 "," 3,077 "," 1,336 ", 13.50 , 2.20 , 13.70 , 2.10 ,         -         ,-,-
2016-08,Green," 40,241 "," 547,786 "," 6,359 "," 5,774 "," 4,329 ", 23.20 , 6.00 , 21.70 , 5.90 , 12.90 ,49%,-
2016-08,Yellow," 320,718 "," 4,722,586 "," 28,340 "," 13,203 "," 12,266 ", 28.80 , 12.50 , 21.70 , 7.80 , 15.50 ,64%,-
2016-07,FHV - Black Car," 12,589 ",          -          ," 6,525 "," 6,423 "," 3,336 ", 16.10 , 3.20 , 15.90 , 3.20 ,         -         ,-,-
2016-07,FHV - High Volume," 252,701 ",          -          ," 40,398 "," 38,843 "," 23,844 ", 19.00 , 6.00 , 18.50 , 5.90 ,         -         ,-,-
2016-07,FHV - Livery," 85,737 ",          -          ," 16,492 "," 15,435 "," 10,851 ", 21.80 , 5.60 , 21.10 , 5.40 ,         -         ,-,-
2016-07,FHV - Lux Limo," 3,080 ",          -          ," 2,798 "," 2,830 "," 1,258 ", 13.80 , 2.30 , 14.10 , 2.20 ,         -         ,-,-
2016-07,Green," 42,979 "," 589,602 "," 6,471 "," 5,868 "," 4,408 ", 23.30 , 6.20 , 21.70 , 6.00 , 13.00 ,50%,-
2016-07,Yellow," 332,231 "," 4,924,633 "," 29,062 "," 13,293 "," 12,266 ", 28.60 , 12.60 , 21.30 , 7.80 , 15.70 ,64%,-
2016-06,FHV - Black Car," 15,375 ",          -          ," 6,889 "," 6,794 "," 3,957 ", 17.50 , 3.30 , 17.30 , 3.30 ,         -         ,-,-
2016-06,FHV - High Volume," 242,233 ",          -          ," 38,771 "," 37,615 "," 23,824 ", 19.00 , 6.00 , 18.70 , 5.90 ,         -         ,-,-
2016-06,FHV - Livery," 96,337 ",          -          ," 17,481 "," 16,512 "," 12,114 ", 22.00 , 5.60 , 21.50 , 5.50 ,         -         ,-,-
2016-06,FHV - Lux Limo," 5,007 ",          -          ," 3,592 "," 3,628 "," 1,852 ", 15.30 , 2.50 , 15.50 , 2.40 ,         -         ,-,-
2016-06,Green," 46,817 "," 645,016 "," 6,582 "," 5,959 "," 4,711 ", 23.70 , 6.20 , 22.10 , 6.10 , 13.50 ,49%,-
2016-06,Yellow," 371,257 "," 5,564,246 "," 29,899 "," 13,354 "," 12,781 ", 28.70 , 13.30 , 21.80 , 7.80 , 16.70 ,66%,-
2016-05,FHV - Black Car," 14,705 ",          -          ," 7,059 "," 7,029 "," 3,818 ", 16.80 , 3.30 , 16.70 , 3.30 ,         -         ,-,-
2016-05,FHV - High Volume," 226,667 ",          -          ," 36,443 "," 35,611 "," 21,717 ", 19.00 , 6.10 , 18.70 , 6.00 ,         -         ,-,-
2016-05,FHV - Livery," 100,070 ",          -          ," 21,928 "," 16,951 "," 12,374 ", 22.60 , 5.70 , 18.30 , 5.40 ,         -         ,-,-
2016-05,FHV - Lux Limo," 4,992 ",          -          ," 3,713 "," 3,676 "," 1,821 ", 15.40 , 2.60 , 15.60 , 2.50 ,         -         ,-,-
2016-05,Green," 49,573 "," 681,032 "," 6,672 "," 6,008 "," 4,730 ", 24.40 , 6.50 , 22.60 , 6.30 , 13.50 ,50%,-
2016-05,Yellow," 381,878 "," 5,654,653 "," 30,509 "," 13,381 "," 12,777 ", 29.60 , 13.50 , 22.10 , 8.00 , 15.80 ,66%,-
2016-04,FHV - Black Car," 14,535 ",          -          ," 7,361 "," 7,036 "," 3,939 ", 16.80 , 3.20 , 16.20 , 3.20 ,         -         ,-,-
2016-04,FHV - High Volume," 217,147 ",          -          ," 34,250 "," 33,518 "," 20,967 ", 18.90 , 6.10 , 18.50 , 6.00 ,         -         ,-,-
2016-04,FHV - Livery," 101,203 ",          -          ," 18,275 "," 17,192 "," 12,538 ", 21.90 , 5.70 , 21.30 , 5.50 ,         -         ,-,-
2016-04,FHV - Lux Limo," 5,053 ",          -          ," 3,599 "," 3,593 "," 1,839 ", 15.40 , 2.50 , 15.50 , 2.40 ,         -         ,-,-
2016-04,Green," 51,458 "," 692,778 "," 6,770 "," 6,021 "," 4,789 ", 23.90 , 6.60 , 21.90 , 6.40 , 13.00 ,51%,-
2016-04,Yellow," 397,780 "," 5,721,501 "," 30,488 "," 13,370 "," 12,875 ", 28.90 , 13.80 , 21.70 , 8.10 , 17.40 ,67%,-
2016-03,FHV - Black Car," 14,138 ",          -          ," 6,836 "," 6,543 "," 3,846 ", 18.20 , 3.20 , 17.50 , 3.20 ,         -         ,-,-
2016-03,FHV - High Volume," 195,837 ",          -          ," 31,716 "," 32,016 "," 19,685 ", 19.20 , 5.80 , 19.00 , 5.70 ,         -         ,-,-
2016-03,FHV - Livery," 95,707 ",          -          ," 16,805 "," 15,852 "," 11,562 ", 22.60 , 5.80 , 22.20 , 5.60 ,         -         ,-,-
2016-03,FHV - Lux Limo," 4,425 ",          -          ," 3,416 "," 3,436 "," 1,724 ", 15.60 , 2.40 , 15.70 , 2.30 ,         -         ,-,-
2016-03,Green," 50,850 "," 673,269 "," 6,816 "," 6,043 "," 4,768 ", 24.50 , 6.50 , 22.30 , 6.30 , 12.60 ,50%,-
2016-03,Yellow," 393,886 "," 5,614,089 "," 30,327 "," 13,379 "," 12,828 ", 29.70 , 13.60 , 22.20 , 8.00 , 15.00 ,67%,-
2016-02,FHV - Black Car," 19,854 ",          -          ," 9,263 "," 9,138 "," 4,768 ", 15.10 , 3.40 , 15.00 , 3.40 ,         -         ,-,-
2016-02,FHV - High Volume," 201,940 ",          -          ," 32,348 "," 31,921 "," 19,596 ", 17.90 , 5.90 , 17.70 , 5.90 ,         -         ,-,-
2016-02,FHV - Livery," 98,897 ",          -          ," 17,135 "," 16,039 "," 11,676 ", 21.10 , 5.80 , 20.60 , 5.60 ,         -         ,-,-
2016-02,FHV - Lux Limo," 4,405 ",          -          ," 3,250 "," 3,370 "," 1,701 ", 14.70 , 2.40 , 15.00 , 2.30 ,         -         ,-,-
2016-02,Green," 52,093 "," 676,135 "," 6,871 "," 6,165 "," 4,843 ", 22.80 , 6.50 , 21.10 , 6.30 , 12.30 ,50%,-
2016-02,Yellow," 392,470 "," 5,427,875 "," 29,564 "," 13,339 "," 12,718 ", 27.70 , 13.40 , 20.80 , 8.00 , 14.60 ,67%,-
2016-01,FHV - Black Car," 14,352 ",          -          ," 8,911 "," 8,788 "," 4,087 ", 14.40 , 3.10 , 14.30 , 3.00 ,         -         ,-,-
2016-01,FHV - High Volume," 166,805 ",          -          ," 32,497 "," 32,056 "," 19,007 ", 18.50 , 5.50 , 18.20 , 5.50 ,         -         ,-,-
2016-01,FHV - Livery," 89,661 ",          -          ," 19,667 "," 18,782 "," 11,958 ", 19.70 , 5.30 , 19.40 , 5.10 ,         -         ,-,-
2016-01,FHV - Lux Limo," 3,721 ",          -          ," 3,920 "," 3,371 "," 1,517 ", 14.00 , 2.30 , 12.30 , 2.20 ,         -         ,-,-
2016-01,Green," 46,621 "," 613,966 "," 6,994 "," 6,253 "," 4,648 ", 23.00 , 6.30 , 21.20 , 6.10 , 12.50 ,49%,-
2016-01,Yellow," 351,816 "," 4,886,897 "," 29,276 "," 13,347 "," 12,244 ", 28.40 , 12.70 , 21.00 , 7.90 , 15.40 ,66%,-
2015-12,FHV - Black Car," 15,377 ",          -          ," 8,494 "," 8,429 "," 3,928 ", 14.50 , 3.30 , 14.30 , 3.30 ,         -         ,-,-
2015-12,FHV - High Volume," 168,786 ",          -          ," 31,249 "," 30,010 "," 18,733 ", 19.40 , 5.60 , 19.00 , 5.60 ,         -         ,-,-
2015-12,FHV - Livery," 97,134 ",          -          ," 17,652 "," 16,698 "," 12,283 ", 22.80 , 5.70 , 22.30 , 5.50 ,         -         ,-,-
2015-12,FHV - Lux Limo," 5,437 ",          -          ," 3,887 "," 3,948 "," 1,878 ", 14.80 , 2.50 , 14.70 , 2.40 ,         -         ,-,-
2015-12,Green," 51,880 "," 700,319 "," 7,120 "," 6,342 "," 5,030 ", 24.60 , 6.40 , 22.50 , 6.30 , 12.90 ,48%,-
2015-12,Yellow," 369,686 "," 5,425,880 "," 29,917 "," 13,429 "," 12,641 ", 29.20 , 13.20 , 22.00 , 7.90 , 18.40 ,63%,-
2015-11,FHV - Black Car," 15,069 ",          -          ," 7,790 "," 7,942 "," 4,024 ", 15.20 , 3.20 , 15.10 , 3.30 ,         -         ,-,-
2015-11,FHV - High Volume," 163,178 ",          -          ," 30,119 "," 28,845 "," 18,141 ", 18.90 , 5.70 , 18.40 , 5.60 ,         -         ,-,-
2015-11,FHV - Livery," 93,451 ",          -          ," 17,933 "," 16,777 "," 12,166 ", 21.80 , 5.50 , 21.40 , 5.30 ,         -         ,-,-
2015-11,FHV - Lux Limo," 5,583 ",          -          ," 3,890 "," 3,820 "," 1,936 ", 15.20 , 2.50 , 14.70 , 2.40 ,         -         ,-,-
2015-11,Green," 50,999 "," 685,908 "," 7,132 "," 6,342 "," 5,036 ", 23.80 , 6.40 , 21.80 , 6.20 , 12.90 ,49%,-
2015-11,Yellow," 377,076 "," 5,502,861 "," 30,270 "," 13,428 "," 12,732 ", 28.40 , 13.30 , 21.30 , 7.90 , 20.40 ,64%,-
2015-10,FHV - Black Car," 16,756 ",          -          ," 7,837 "," 7,652 "," 3,974 ", 16.10 , 3.50 , 15.70 , 3.50 ,         -         ,-,-
2015-10,FHV - High Volume," 163,168 ",          -          ," 29,151 "," 28,002 "," 17,701 ", 19.60 , 5.80 , 19.10 , 5.70 ,         -         ,-,-
2015-10,FHV - Livery," 91,468 ",          -          ," 17,790 "," 16,712 "," 11,834 ", 22.00 , 5.60 , 21.60 , 5.30 ,         -         ,-,-
2015-10,FHV - Lux Limo," 5,554 ",          -          ," 3,805 "," 3,840 "," 2,008 ", 16.20 , 2.50 , 16.60 , 2.50 ,         -         ,-,-
2015-10,Green," 52,598 "," 716,779 "," 7,157 "," 6,396 "," 5,083 ", 24.60 , 6.50 , 22.70 , 6.30 , 13.30 ,48%,-
2015-10,Yellow," 397,244 "," 5,856,687 "," 30,104 "," 13,436 "," 12,787 ", 29.50 , 13.70 , 22.40 , 8.10 , 17.30 ,64%,-
2015-09,FHV - Black Car," 10,293 ",          -          ," 5,937 "," 5,875 "," 2,769 ", 14.10 , 3.20 , 14.00 , 3.20 ,         -         ,-,-
2015-09,FHV - High Volume," 144,300 ",          -          ," 26,914 "," 26,050 "," 15,814 ", 18.20 , 5.80 , 17.80 , 5.70 ,         -         ,-,-
2015-09,FHV - Livery," 60,764 ",          -          ," 11,595 "," 10,792 "," 7,851 ", 21.80 , 5.60 , 21.00 , 5.40 ,         -         ,-,-
2015-09,FHV - Lux Limo," 4,069 ",          -          ," 3,127 "," 3,069 "," 1,550 ", 15.20 , 2.60 , 14.70 , 2.50 ,         -         ,-,-
2015-09,Green," 49,830 "," 687,469 "," 7,181 "," 6,403 "," 4,932 ", 23.10 , 6.40 , 21.20 , 6.20 , 13.20 ,47%,-
2015-09,Yellow," 374,156 "," 5,520,038 "," 29,912 "," 13,423 "," 12,523 ", 28.00 , 13.20 , 20.80 , 8.00 , 16.50 ,62%,-
2015-08,FHV - Black Car," 7,988 ",          -          ," 5,154 "," 5,073 "," 2,384 ", 14.60 , 2.90 , 14.40 , 2.90 ,         -         ,-,-
2015-08,FHV - High Volume," 123,807 ",          -          ," 25,085 "," 24,452 "," 14,485 ", 18.40 , 5.60 , 18.00 , 5.50 ,         -         ,-,-
2015-08,FHV - Livery," 34,450 ",          -          ," 7,141 "," 6,327 "," 4,379 ", 21.50 , 5.70 , 19.90 , 5.40 ,         -         ,-,-
2015-08,FHV - Lux Limo," 3,476 ",          -          ," 2,389 "," 2,462 "," 1,188 ", 15.00 , 2.50 , 14.50 , 2.30 ,         -         ,-,-
2015-08,Green," 49,429 "," 678,711 "," 7,215 "," 6,404 "," 4,911 ", 23.80 , 6.40 , 21.80 , 6.20 , 12.80 ,46%,-
2015-08,Yellow," 359,029 "," 5,200,177 "," 29,688 "," 13,442 "," 12,579 ", 29.00 , 13.10 , 21.70 , 7.90 , 16.10 ,61%,-
2015-07,FHV - Black Car," 7,574 ",          -          ," 4,296 "," 4,248 "," 2,117 ", 15.50 , 3.10 , 15.40 , 3.10 ,         -         ,-,-
2015-07,FHV - High Volume," 112,207 ",          -          ," 22,070 "," 22,646 "," 13,358 ", 18.30 , 5.50 , 17.50 , 5.40 ,         -         ,-,-
2015-07,FHV - Livery," 18,526 ",          -          ," 4,306 "," 3,815 "," 2,365 ", 19.20 , 5.70 , 17.90 , 5.40 ,         -         ,-,-
2015-07,FHV - Lux Limo," 3,136 ",          -          ," 2,381 "," 2,354 "," 1,146 ", 15.10 , 2.40 , 15.50 , 2.50 ,         -         ,-,-
2015-07,Green," 49,730 "," 681,299 "," 7,321 "," 6,473 "," 4,981 ", 23.90 , 6.30 , 21.70 , 6.10 , 13.00 ,45%,-
2015-07,Yellow," 372,979 "," 5,392,570 "," 29,999 "," 13,490 "," 12,599 ", 29.00 , 13.10 , 21.80 , 7.90 , 15.70 ,62%,-
2015-06,FHV - Black Car," 9,276 ",          -          ," 5,009 "," 4,956 "," 2,543 ", 15.40 , 3.20 , 15.30 , 3.20 ,         -         ,-,-
2015-06,FHV - High Volume," 102,793 ",          -          ," 20,452 "," 19,840 "," 12,089 ", 18.30 , 5.60 , 17.90 , 5.50 ,         -         ,-,-
2015-06,FHV - Livery," 25,626 ",          -          ," 4,800 "," 4,281 "," 3,008 ", 21.10 , 5.80 , 19.50 , 5.60 ,         -         ,-,-
2015-06,FHV - Lux Limo," 3,655 ",          -          ," 2,461 "," 2,501 "," 1,368 ", 16.40 , 2.60 , 16.60 , 2.50 ,         -         ,-,-
2015-06,Green," 54,628 "," 801,215 "," 7,483 "," 6,539 "," 5,196 ", 23.80 , 6.50 , 21.60 , 6.30 , 13.30 ,45%,-
2015-06,Yellow," 410,831 "," 6,014,938 "," 30,829 "," 13,549 "," 12,990 ", 28.80 , 13.80 , 21.90 , 8.00 , 16.90 ,63%,-
2015-05,FHV - Black Car," 7,681 ",          -          ," 4,561 "," 4,550 "," 2,055 ", 14.00 , 3.20 , 14.00 , 3.20 ,         -         ,-,-
2015-05,FHV - High Volume," 94,103 ",          -          ," 19,076 "," 14,122 "," 8,120 ", 17.80 , 5.40 , 18.00 , 5.60 ,         -         ,-,-
2015-05,FHV - Livery," 31,153 ",          -          ," 6,540 "," 5,779 "," 3,836 ", 20.60 , 5.60 , 19.00 , 5.40 ,         -         ,-,-
2015-05,FHV - Lux Limo," 3,580 ",          -          ," 2,709 "," 2,735 "," 1,388 ", 15.70 , 2.50 , 16.00 , 2.40 ,         -         ,-,-
2015-05,Green," 57,637 "," 862,099 "," 7,513 "," 6,508 "," 5,177 ", 24.70 , 6.80 , 22.20 , 6.50 , 13.60 ,46%,-
2015-05,Yellow," 424,459 "," 6,239,552 "," 31,442 "," 13,580 "," 13,006 ", 29.70 , 14.10 , 22.40 , 8.10 , 16.40 ,62%,-
2015-04,FHV - Black Car," 10,060 ",          -          ," 5,237 "," 5,225 "," 2,653 ", 15.20 , 3.30 , 15.20 , 3.20 ,         -         ,-,-
2015-04,FHV - High Volume," 82,498 ",          -          ," 16,473 "," 16,006 "," 9,711 ", 18.20 , 5.60 , 17.80 , 5.50 ,         -         ,-,-
2015-04,FHV - Livery," 33,619 ",          -          ," 7,121 "," 6,416 "," 4,530 ", 21.20 , 5.40 , 20.00 , 5.20 ,         -         ,-,-
2015-04,FHV - Lux Limo," 2,973 ",          -          ," 1,977 "," 1,990 "," 1,059 ", 16.00 , 2.70 , 16.10 , 2.60 ,         -         ,-,-
2015-04,Green," 55,473 "," 805,698 "," 7,388 "," 6,378 "," 5,032 ", 23.70 , 6.70 , 21.20 , 6.40 , 13.00 ,46%,-
2015-04,Yellow," 435,701 "," 6,226,205 "," 31,574 "," 13,577 "," 13,098 ", 28.90 , 14.20 , 21.90 , 8.10 , 16.90 ,63%,-
2015-03,FHV - Black Car," 5,338 ",          -          ," 2,921 "," 2,882 "," 1,296 ", 13.90 , 3.30 , 13.60 , 3.30 ,         -         ,-,-
2015-03,FHV - High Volume," 72,889 ",          -          ," 14,995 "," 14,290 "," 8,579 ", 18.60 , 5.50 , 18.20 , 5.50 ,         -         ,-,-
2015-03,FHV - Livery," 25,025 ",          -          ," 4,275 "," 4,087 "," 3,052 ", 23.20 , 5.60 , 23.00 , 5.40 ,         -         ,-,-
2015-03,FHV - Lux Limo," 1,439 ",          -          , 957 , 990 , 553 , 17.30 , 2.60 , 18.70 , 2.50 ,         -         ,-,-
2015-03,Green," 55,567 "," 793,672 "," 7,254 "," 6,221 "," 4,835 ", 24.10 , 6.70 , 21.50 , 6.50 , 13.00 ,45%,-
2015-03,Yellow," 430,669 "," 6,076,181 "," 31,610 "," 13,584 "," 13,030 ", 29.70 , 14.00 , 22.30 , 8.00 , 16.80 ,63%,-
2015-02,FHV - Black Car," 6,213 ",          -          ," 2,640 "," 2,620 "," 1,618 ", 17.30 , 3.50 , 17.20 , 3.50 ,         -         ,-,-
2015-02,FHV - High Volume," 77,796 ",          -          ," 14,180 "," 13,531 "," 8,402 ", 17.40 , 5.80 , 17.10 , 5.80 ,         -         ,-,-
2015-02,FHV - Livery," 23,250 ",          -          ," 4,227 "," 3,971 "," 2,901 ", 20.50 , 5.40 , 20.20 , 5.20 ,         -         ,-,-
2015-02,FHV - Lux Limo," 1,782 ",          -          ," 1,037 "," 1,034 ", 620 , 16.80 , 2.80 , 17.20 , 2.70 ,         -         ,-,-
2015-02,Green," 56,242 "," 798,649 "," 6,880 "," 5,984 "," 4,723 ", 22.10 , 6.90 , 20.00 , 6.60 , 12.90 ,45%,-
2015-02,Yellow," 444,633 "," 6,097,785 "," 30,969 "," 13,617 "," 12,979 ", 26.70 , 14.10 , 20.30 , 8.10 , 15.80 ,64%,-
2015-01,FHV - Black Car," 5,359 ",          -          ," 2,737 "," 2,725 "," 1,469 ", 16.70 , 3.30 , 16.70 , 3.30 ,         -         ,-,-
2015-01,FHV - High Volume," 60,357 ",          -          ," 13,153 "," 12,544 "," 7,265 ", 18.00 , 5.40 , 17.60 , 5.30 ,         -         ,-,-
2015-01,FHV - Livery," 20,740 ",          -          ," 4,526 "," 4,181 "," 2,848 ", 21.10 , 5.20 , 20.50 , 5.00 ,         -         ,-,-
2015-01,FHV - Lux Limo," 1,310 ",          -          , 886 , 856 , 462 , 16.80 , 2.80 , 16.60 , 2.70 ,         -         ,-,-
2015-01,Green," 48,659 "," 673,523 "," 6,919 "," 5,897 "," 4,498 ", 23.60 , 6.60 , 21.00 , 6.30 , 12.10 ,45%,-
2015-01,Yellow," 411,238 "," 5,442,278 "," 31,236 "," 13,633 "," 12,721 ", 28.90 , 13.40 , 21.50 , 7.90 , 15.00 ,62%,-
2014-12,Green," 53,078 "," 701,885 "," 6,933 "," 5,812 "," 4,651 ", 24.80 , 6.80 , 21.70 , 6.50 , 12.90 ,44%,-
2014-12,Yellow," 419,776 "," 5,868,025 "," 32,048 "," 13,642 "," 13,041 ", 29.60 , 13.90 , 22.30 , 7.90 , 14.00 ,58%,-
2014-11,Green," 51,600 "," 684,927 "," 6,622 "," 5,558 "," 4,499 ", 24.30 , 6.90 , 21.30 , 6.60 , 13.00 ,45%,-
2014-11,Yellow," 440,576 "," 6,113,253 "," 32,260 "," 13,642 "," 13,095 ", 28.80 , 14.30 , 21.80 , 8.00 , 13.80 ,59%,-
2014-10,Green," 48,100 "," 649,348 "," 6,488 "," 5,347 "," 4,280 ", 24.80 , 6.80 , 21.30 , 6.50 , 13.10 ,45%,-
2014-10,Yellow," 459,087 "," 6,432,093 "," 32,091 "," 13,665 "," 13,162 ", 29.90 , 14.50 , 22.70 , 8.10 , 13.80 ,59%,-
2014-09,Green," 45,394 "," 623,638 "," 6,311 "," 5,202 "," 4,153 ", 23.90 , 6.70 , 20.60 , 6.40 , 13.20 ,44%,-
2014-09,Yellow," 445,782 "," 6,284,615 "," 32,191 "," 13,647 "," 13,087 ", 28.80 , 14.30 , 21.70 , 8.10 , 13.90 ,59%,-
2014-08,Green," 43,381 "," 595,477 "," 6,249 "," 5,136 "," 3,989 ", 24.10 , 6.70 , 20.70 , 6.40 , 12.80 ,42%,-
2014-08,Yellow," 409,305 "," 5,709,153 "," 31,429 "," 13,622 "," 12,919 ", 29.40 , 13.80 , 22.20 , 7.90 , 13.10 ,57%,-
2014-07,Green," 41,094 "," 560,319 "," 6,180 "," 5,130 "," 3,958 ", 23.90 , 6.40 , 20.80 , 6.10 , 12.70 ,42%,-
2014-07,Yellow," 422,771 "," 5,832,040 "," 31,515 "," 13,633 "," 12,943 ", 29.40 , 13.80 , 22.50 , 7.80 , 13.00 ,57%,-
2014-06,Green," 44,590 "," 616,892 "," 6,158 "," 5,069 "," 4,040 ", 23.90 , 6.70 , 20.70 , 6.40 , 13.20 ,41%,-
2014-06,Yellow," 460,393 "," 6,490,355 "," 32,747 "," 13,651 "," 13,154 ", 28.90 , 14.60 , 22.00 , 8.00 , 13.60 ,58%,-
2014-05,Green," 45,853 "," 636,698 "," 6,136 "," 4,957 "," 3,998 ", 25.00 , 6.90 , 21.30 , 6.50 , 13.40 ,41%,-
2014-05,Yellow," 476,569 "," 6,718,530 "," 33,060 "," 13,581 "," 13,098 ", 29.90 , 14.90 , 22.70 , 8.10 , 13.60 ,57%,-
2014-04,Green," 43,625 "," 580,228 "," 5,894 "," 4,811 "," 3,799 ", 23.70 , 6.80 , 20.40 , 6.40 , 12.50 ,39%,-
2014-04,Yellow," 487,275 "," 6,613,192 "," 33,086 "," 13,524 "," 13,074 ", 29.00 , 15.00 , 22.00 , 8.10 , 12.90 ,57%,-
2014-03,Green," 41,718 "," 543,542 "," 5,620 "," 4,566 "," 3,547 ", 24.10 , 6.90 , 20.70 , 6.50 , 12.20 ,37%,-
2014-03,Yellow," 497,661 "," 6,612,023 "," 33,229 "," 13,442 "," 13,020 ", 30.00 , 15.10 , 22.60 , 8.10 , 12.40 ,58%,-
2014-02,Green," 35,895 "," 465,192 "," 5,085 "," 4,207 "," 3,065 ", 20.40 , 6.80 , 17.80 , 6.50 , 12.60 ,35%,-
2014-02,Yellow," 466,522 "," 6,122,310 "," 32,634 "," 13,376 "," 12,852 ", 26.90 , 14.60 , 20.20 , 8.00 , 12.60 ,59%,-
2014-01,Green," 25,923 "," 331,334 "," 4,564 "," 3,818 "," 2,409 ", 19.60 , 6.50 , 17.20 , 6.10 , 11.90 ,35%,-
2014-01,Yellow," 444,537 "," 5,790,713 "," 32,775 "," 13,366 "," 12,778 ", 29.60 , 14.10 , 21.90 , 7.80 , 12.20 ,57%,-
2013-12,Green," 19,435 "," 257,398 "," 3,317 "," 2,736 "," 1,707 ", 19.30 , 6.80 , 16.90 , 6.40 , 12.30 ,32%,-
2013-12,Yellow," 450,634 "," 6,176,199 "," 33,335 "," 13,356 "," 12,858 ", 29.80 , 14.50 , 22.20 , 7.80 , 13.10 ,53%,-
2013-11,Green," 12,692 "," 168,976 "," 2,160 "," 1,754 "," 1,044 ", 17.90 , 7.10 , 15.50 , 6.60 , 12.30 ,34%,-
2013-11,Yellow," 479,527 "," 6,470,910 "," 33,191 "," 13,336 "," 12,926 ", 29.10 , 15.00 , 21.90 , 8.00 , 12.90 ,55%,-
2013-10,Green," 5,477 "," 74,128 "," 1,261 "," 1,128 ", 500 , 13.70 , 6.60 , 12.80 , 6.30 , 12.40 ,33%,-
2013-10,Yellow," 483,921 "," 6,648,711 "," 33,417 "," 13,334 "," 12,962 ", 30.10 , 15.00 , 22.50 , 8.10 , 13.10 ,56%,-
2013-09,Green," 1,632 "," 23,087 ", 478 , 445 , 159 , 10.70 , 6.30 , 10.20 , 6.20 , 12.70 ,34%,-
2013-09,Yellow," 470,147 "," 6,493,533 "," 33,292 "," 13,340 "," 12,881 ", 29.00 , 14.90 , 21.50 , 8.00 , 13.10 ,55%,-
2013-08,Green, 283 ," 4,028 ", 129 , 114 , 33 , 7.30 , 5.40 , 6.80 , 5.10 , 11.40 ,30%,-
2013-08,Yellow," 406,246 "," 5,553,989 "," 32,388 "," 13,318 "," 11,959 ", 27.80 , 14.20 , 20.70 , 7.90 ,         -         ,54%,-
2013-07,Yellow," 445,861 "," 5,983,709 "," 32,748 "," 13,327 "," 12,830 ", 29.80 , 14.30 , 22.20 , 7.80 , 12.50 ,53%,-
2013-06,Yellow," 479,148 "," 6,555,608 "," 33,452 "," 13,341 "," 12,922 ", 29.10 , 15.00 , 21.70 , 8.00 , 13.00 ,54%,-
2013-05,Yellow," 492,962 "," 6,744,373 "," 33,267 "," 13,334 "," 12,929 ", 30.10 , 15.10 , 22.50 , 8.10 , 13.00 ,53%,-
2013-04,Yellow," 503,249 "," 6,714,891 "," 33,084 "," 13,343 "," 12,949 ", 29.10 , 15.10 , 21.90 , 8.10 , 12.40 ,54%,-
2013-03,Yellow," 507,914 "," 6,646,912 "," 32,965 "," 13,334 "," 12,927 ", 30.10 , 15.00 , 22.50 , 8.10 , 12.00 ,53%,-
2013-02,Yellow," 499,556 "," 6,356,651 "," 32,052 "," 13,338 "," 12,867 ", 27.00 , 14.60 , 20.40 , 8.10 , 11.70 ,54%,-
2013-01,Yellow," 476,544 "," 6,045,087 "," 32,213 "," 13,344 "," 12,863 ", 29.90 , 14.40 , 22.30 , 8.00 , 11.40 ,52%,-
2012-12,Yellow," 474,005 "," 6,326,604 "," 32,257 "," 13,346 "," 12,806 ", 29.70 , 14.60 , 22.40 , 8.00 , 12.50 ,49%,-
2012-11,Yellow," 459,114 "," 6,094,937 "," 31,701 "," 13,324 "," 12,551 ", 28.30 , 14.20 , 21.30 , 7.90 , 12.50 ,50%,-
2012-10,Yellow," 468,377 "," 6,346,508 "," 32,104 "," 13,328 "," 12,555 ", 29.20 , 14.60 , 22.00 , 8.10 , 12.80 ,50%,-
2012-09,Yellow," 484,783 "," 6,512,203 "," 31,698 "," 13,322 "," 12,826 ", 28.90 , 14.90 , 22.00 , 8.20 , 12.80 ,50%,-
2012-08,Yellow," 463,841 "," 5,357,572 "," 30,777 "," 13,318 "," 12,785 ", 29.80 , 14.40 , 22.80 , 8.10 , 12.30 ,48%,-
2012-07,Yellow," 463,784 "," 5,292,247 "," 31,174 "," 13,320 "," 12,773 ", 29.70 , 14.40 , 22.70 , 8.10 , 12.20 ,48%,-
2012-06,Yellow," 503,139 "," 5,831,841 "," 31,561 "," 13,332 "," 12,940 ", 29.10 , 15.10 , 22.60 , 8.30 , 12.80 ,48%,-
2012-05,Yellow," 502,097 "," 5,838,542 "," 31,723 "," 13,325 "," 12,887 ", 30.00 , 15.10 , 23.00 , 8.30 , 12.90 ,47%,-
2012-04,Yellow," 515,848 "," 5,861,876 "," 31,579 "," 13,319 "," 12,864 ", 29.00 , 15.10 , 22.20 , 8.30 , 12.20 ,47%,-
2012-03,Yellow," 520,764 "," 5,860,835 "," 31,401 "," 13,320 "," 12,927 ", 30.10 , 15.10 , 23.20 , 8.30 , 12.00 ,48%,-
2012-02,Yellow," 516,585 "," 5,655,691 "," 30,803 "," 13,317 "," 12,896 ", 28.10 , 14.90 , 21.80 , 8.30 , 11.60 ,48%,-
2012-01,Yellow," 482,811 "," 5,220,456 "," 30,944 "," 13,317 "," 12,588 ", 29.30 , 14.50 , 22.30 , 8.20 , 11.30 ,47%,-
2011-12,Yellow," 481,410 "," 5,493,999 "," 31,196 "," 13,323 "," 12,830 ", 29.90 , 14.70 , 22.90 , 8.20 , 12.70 ,43%,-
2011-11,Yellow," 484,122 "," 5,572,296 "," 31,022 "," 13,319 "," 12,858 ", 29.00 , 14.70 , 22.30 , 8.20 , 12.90 ,44%,-
2011-10,Yellow," 506,532 "," 5,790,312 "," 31,341 "," 13,322 "," 12,857 ", 29.90 , 15.00 , 23.00 , 8.30 , 12.70 ,45%,-
2011-09,Yellow," 487,470 "," 5,687,581 "," 30,917 "," 13,313 "," 12,797 ", 28.80 , 14.90 , 22.20 , 8.30 , 13.10 ,44%,-
2011-08,Yellow," 427,740 "," 4,851,734 "," 30,144 "," 13,295 "," 12,216 ", 28.50 , 13.90 , 21.90 , 8.00 , 12.10 ,44%,-
2011-07,Yellow," 475,475 "," 5,350,809 "," 30,683 "," 13,270 "," 12,612 ", 29.50 , 14.60 , 22.60 , 8.30 , 12.10 ,43%,-
2011-06,Yellow," 503,152 "," 5,743,238 "," 31,094 "," 13,285 "," 12,760 ", 28.80 , 15.10 , 22.40 , 8.30 , 12.60 ,43%,-
2011-05,Yellow," 501,708 "," 5,730,613 "," 31,259 "," 13,291 "," 12,745 ", 29.70 , 14.90 , 22.80 , 8.30 , 12.50 ,42%,-
2011-04,Yellow," 490,577 "," 5,456,034 "," 31,022 "," 13,302 "," 12,178 ", 27.50 , 15.10 , 21.30 , 8.40 , 12.10 ,42%,-
2011-03,Yellow," 518,212 "," 5,717,207 "," 30,960 "," 13,288 "," 12,852 ", 30.00 , 15.00 , 23.10 , 8.40 , 11.90 ,43%,-
2011-02,Yellow," 507,167 "," 5,474,959 "," 30,359 "," 13,253 "," 12,678 ", 26.80 , 14.90 , 20.80 , 8.40 , 11.80 ,43%,-
2011-01,Yellow," 434,297 "," 4,661,317 "," 29,682 "," 12,798 "," 11,624 ", 28.20 , 14.40 , 21.40 , 8.20 , 11.70 ,41%,-
2010-12,Yellow," 445,727 "," 4,985,892 "," 29,414 "," 12,491 "," 11,612 ", 28.80 , 14.70 , 21.90 , 8.20 , 12.60 ,38%,-
2010-11,Yellow," 463,701 "," 5,165,797 "," 29,348 "," 12,347 "," 11,876 ", 28.90 , 14.80 , 21.90 , 8.20 , 12.20 ,39%,-
2010-10,Yellow," 457,996 "," 5,122,617 "," 29,128 "," 12,268 "," 11,271 ", 28.50 , 15.30 , 21.90 , 8.40 , 12.30 ,39%,-
2010-09,Yellow," 517,972 "," 5,827,246 "," 28,989 "," 12,221 "," 11,765 ", 28.90 , 14.70 , 21.70 , 8.30 , 12.30 ,38%,-
2010-08,Yellow," 404,115 "," 4,490,108 "," 28,574 "," 12,206 "," 11,224 ", 28.50 , 14.40 , 21.50 , 8.10 , 11.80 ,37%,-
2010-07,Yellow," 472,752 "," 5,216,891 "," 30,562 "," 13,307 "," 12,457 ", 29.00 , 14.50 , 22.30 , 8.20 ,         -         ,37%,-
2010-06,Yellow," 494,137 "," 5,503,949 "," 30,812 "," 13,305 "," 12,671 ", 28.60 , 14.90 , 22.20 , 8.30 ,         -         ,36%,-
2010-05,Yellow," 499,374 "," 5,561,218 "," 30,950 "," 13,309 "," 12,729 ", 29.60 , 14.80 , 22.70 , 8.30 ,         -         ,35%,-
2010-04,Yellow," 504,798 "," 5,502,545 "," 30,827 "," 13,326 "," 12,856 ", 28.90 , 14.80 , 22.30 , 8.30 ,         -         ,35%,-
2010-03,Yellow," 415,567 "," 3,011,750 "," 28,709 "," 12,183 "," 10,382 ", 26.40 , 15.10 , 20.40 , 8.30 , 11.50 ,35%,-
2010-02,Yellow," 397,969 "," 3,392,416 "," 28,255 "," 12,171 "," 10,045 ", 23.10 , 14.60 , 17.60 , 8.30 , 11.10 ,35%,-
2010-01,Yellow," 479,376 "," 4,968,817 "," 30,659 "," 13,305 "," 12,727 ", 29.70 , 14.30 , 22.50 , 8.20 ,         -         ,32%,-
